img_id,id,tru_light,tru_pan,tru_tilt,est_light,est_pan,est_tilt,gllim_clust,train_data,SE
1,1,0.0553249771553555,-0.698670067633454,-0.101327766524314,0.0331892094614035,-0.633989766230488,-0.0374152731984697,5,1,0.00875834040410515
2,2,0.42607938213277,0.738831404260492,-0.306315848406652,0.392004299985524,0.717405357414498,-0.0564996797914562,16,1,0.0640283048083643
3,3,0.079048042673122,-0.604510042638035,0.182976842548515,0.0853611956457426,-0.65332674868598,0.120548134364251,5,1,0.00632027029538331
4,4,-0.962473351345978,1.44905984587203,-1.65963585735731,-1.08933162625009,1.53325809759877,-1.65060287278035,10,1,0.0232639623158536
5,5,-1.07758874161113,-0.931121889692779,1.68144405421622,-1.15775450027999,-0.919953413476765,1.711166068593,25,1,0.00743468186255407
6,6,-0.201888990623672,1.51140316324758,0.715771658045322,-0.268833405669765,1.62278761910697,0.709374895449752,8,1,0.0169289702846592
7,7,-1.43782666200634,1.39771278662107,-1.63468406060236,-1.42361466107101,1.44374567322894,-1.79704403319681,10,1,0.0286817683209099
8,8,-0.281965074153547,0.931718341197325,0.764053474998505,-0.3988409177479,0.952031110485727,0.813200946082052,6,1,0.0164880453259638
9,9,1.04707183565872,0.884037326460262,-0.734197043814383,0.982915121779291,0.895089467863486,-0.858234620457405,16,0,0.0196235541848776
10,10,-0.0345593073754782,-1.33485624528582,-1.69705287755965,0.153592875813656,-1.33536123083525,-1.68890630080113,23,0,0.0354678657621251
11,11,-0.282856504788254,1.2534135931416,0.899961293203714,-0.177038763914255,1.18618608690824,0.972025200839925,1,1,0.0209101386618325
12,12,0.514989274863742,-1.14597765982764,-0.362506106723316,0.527450547957992,-1.14913691324461,-0.293269146987028,22,1,0.00495902080280647
13,13,0.145467884202825,0.729092109004271,0.769277919513529,0.175939504476013,0.728682430782009,0.851270553921702,6,1,0.00765147957551144
14,14,-0.553151474365416,-0.873267375325646,1.1422093540113,-0.60115679561611,-0.886018852859911,1.3526735663561,25,1,0.0467622957256077
15,15,1.13931628183856,-1.61991369696486,0.110392693313325,1.18169181721752,-1.65636846584554,0.311966863270192,22,1,0.0437567821665968
16,16,-0.866899047595466,-1.38098979070794,0.819802835165235,-0.939740741723393,-1.35431552717461,0.817772785083804,24,1,0.00602154984180496
17,17,-1.48155490219904,0.140779513210156,-0.1501061668582,-1.39479639021963,0.135488091588206,-0.233255247227906,4,1,0.01446880810999
18,18,0.803132024980208,-0.849350450619204,1.20429900204093,0.909898755845958,-0.944033902867989,1.1752291184592,3,1,0.0212091490809632
19,19,-0.723812932944259,0.385249063364816,0.670789989985805,-0.711803336130907,0.328004349211701,0.675638815256002,20,1,0.00344469882059197
20,20,0.302626074817827,-0.461803535331979,0.000875576206352499,0.282265233275324,-0.521141431633955,-0.0433755479459884,5,0,0.00589371179460881
21,21,0.135435847641675,1.06713118779685,0.664380694201486,0.11277641134526,1.0796180287156,0.638676856278782,6,1,0.00133005853335806
22,22,0.46163139604811,-1.26252809484897,-0.483015116345951,0.465650729949337,-1.21899750773632,-0.442799221250304,22,1,0.0035283852777251
23,23,0.204963509935367,0.511467762218757,-1.27141834649048,0.183441390526168,0.522598612142333,-1.41293172188637,12,1,0.0206131328598224
24,24,1.65058723525551,-0.26387801646259,1.13212053761341,1.46676458785974,-0.226979779658115,1.15457989968097,2,1,0.0356566685193492
25,25,0.799860047473684,-1.02430734196542,0.948717131783332,0.925546448391314,-1.06254772603448,1.02649054578364,3,0,0.02330810227464
26,26,0.676883421544524,-0.147474549528642,-0.789785723763944,0.684508580199236,-0.176915452199559,-1.01782259855253,19,1,0.0529257260579353
27,27,-1.63504382489282,-1.56587441339195,-0.978881186053646,-1.7495655952108,-1.71948424714048,-1.10971956991026,13,1,0.0538298995912243
28,28,-1.37403883582049,0.254945030311204,-1.69066743849709,-1.28214322117955,0.248464874324784,-1.5663015061037,4,1,0.0239536815519198
29,29,1.39205791434013,0.849073739824033,-0.399093139098552,1.17385008468027,0.876938287469851,-0.522335396292826,16,1,0.0635797438987137
30,30,1.02775312931368,1.19470304344584,0.0369178165748426,1.14876415304557,1.18191635927873,0.249924583765343,16,1,0.0601790500255752
31,31,1.05925275251567,0.783454523795832,0.672543595861443,1.53008190020443,0.715725858039191,1.2552125324549,6,1,0.565770348149447
32,32,0.472042120947246,0.321055810503616,0.570947752512734,0.512438221256536,0.269104132177013,0.515249953354157,6,1,0.00743306663225824
33,33,-1.13222777968809,-0.487544628238367,-0.925575330169953,-0.989627915054442,-0.49781470945139,-1.10001445496987,15,1,0.050869204222619
34,34,1.00618773106114,0.703532614392861,-1.13151624098374,0.927144585401879,0.699628423786223,-1.62113834523578,16,1,0.245992866552196
35,35,0.66217822726547,-1.38317365879049,-1.5452926423939,0.569887537336012,-1.39973950474802,-1.32847760198838,22,1,0.0558007604459881
36,36,-0.08278395336712,-1.53044883981075,1.608232267633,-0.0094044300313616,-1.58092160467877,1.72047394835941,24,1,0.0205302493306957
37,37,-0.0308267046018147,0.451962478906662,0.813184259604125,-0.0837984197871218,0.469644904934056,0.798298942820268,6,1,0.00334024345564335
38,38,-0.256191246247022,1.20667573395051,-1.48331599371572,-0.261898736522605,1.28321892027513,-1.44155173123314,10,0,0.00763568843868488
39,39,-1.25100319633934,-0.172524823081209,0.888049877668772,-1.21471880037688,-0.161452289204469,1.10814266951631,21,1,0.0498799954200576
40,40,-1.44061587123885,-1.535086048989,0.129204215227416,-1.32993828017311,-1.53890673558028,-0.142038828969354,23,0,0.0858369158352736
41,41,1.41455380466207,0.131128620625655,-1.34399507776098,1.23286422159872,0.127676405849669,-1.37113731291084,12,1,0.0337597233095252
42,42,-0.740350879516066,-0.499828308999779,-0.229158147665837,-0.698866788229953,-0.492821748069389,-0.264646501969822,21,1,0.00302944501711096
43,43,1.54153240743315,0.959625172497403,0.305637138489391,1.54725708970772,1.01995447501396,0.571675653011773,16,1,0.0744488879385556
44,44,0.820534299926673,1.148724836539,1.21449815944194,0.971519246576597,1.18129079400315,1.65604004668431,7,1,0.218816233889994
45,45,0.425923729475432,-0.413111331928757,1.5595554872256,0.42988146066489,-0.333602617140129,1.59009936661269,2,1,0.00727022793152044
46,46,-0.204734577707524,-0.527235605612866,0.175261993123016,-0.210264159720623,-0.593501702909933,0.0988866565722357,5,1,0.010254963961469
47,47,-0.897297162530704,-0.27554242936744,-0.0595412768054111,-0.976133364786536,-0.24010751580328,-0.190509565144546,21,1,0.0246234724359045
48,48,1.2488248949825,-1.61495615984377,-0.955011281693993,1.35117861878919,-1.63093277945689,-0.987512097609339,22,1,0.0117878401865229
49,49,1.50700407350496,0.172299235132474,0.627610098963499,1.3841240528304,0.180035923650841,0.907389195481222,19,1,0.0934356986784854
50,50,-1.00666004737642,-1.02784363007201,0.777129564743315,-1.0326147294905,-1.05860523656215,0.756891752422363,25,1,0.00202949100503558
51,51,-0.185083860873185,-0.439504199265212,-1.42857468510648,-0.199513745073188,-0.43063565686746,-1.35043242152868,9,1,0.00639308595934881
52,52,-0.0527755690094216,-1.07388548296254,1.0702217759356,-0.0894513318271186,-1.06909188118218,1.08351890748195,3,1,0.0015449039036496
53,53,0.0239572072678956,-0.588966754925252,-0.688875872744609,0.135487180248801,-0.690980958611679,-0.603054779875244,11,1,0.0302110926081893
54,54,0.932195067019759,1.43466690986799,1.20659482627724,0.811088812827749,1.47092640625034,1.15898294960217,8,1,0.0182483666828444
55,55,0.535526195802794,-0.665358341308876,1.09376951356041,0.486795694465215,-0.588199423226731,1.01284619461897,2,1,0.0148767439487168
56,56,0.0643656664212456,1.1860345956081,-1.49599590322555,0.218225976814457,1.14141627912552,-0.966959707710743,7,0,0.305543085444814
57,57,0.848479523762688,-1.68254451657364,0.735596038371051,0.596561173391527,-1.52471786219195,0.836730003549929,22,1,0.0986001869998461
58,58,0.869888274385776,0.0335045288127376,-0.796228116962526,0.960529317114262,0.00984316105892108,-0.93261275328651,19,0,0.0273764279761137
59,59,-1.13676881876557,-0.458352340337478,-1.01007569690757,-0.96347267056901,-0.471059306198274,-1.19100916505903,15,0,0.0629299418584683
60,60,1.49671732408231,-0.214125897037555,-0.0696206407551065,1.64182307397363,-0.269297237371792,-0.0867913130228598,19,1,0.0243943874319241
61,61,1.0441853220552,0.156784535710989,-1.60126021191195,1.02613669003538,0.141006618168329,-1.47168167931513,12,1,0.0173652919097154
62,62,-0.730499859597489,0.443681474123134,1.16655156966298,-0.780877205015267,0.458953606101343,1.06746568222091,18,1,0.0125891280366832
63,63,-0.307186526707427,-1.07722286259528,0.164850482229939,-0.423865065183694,-1.02507068522119,0.112935878415607,3,1,0.0190288570350162
64,64,-0.805802061065662,1.53913494051286,1.32264414868626,-0.798669971960099,1.58593570426161,1.31651336673117,1,1,0.00227876466985686
65,65,0.568037448123786,-1.43126287815853,1.77768113804496,0.941399919490176,-1.43244007012521,1.65346027244675,2,1,0.154831744255714
66,66,0.782750631839248,-0.07884119343502,1.54791802165501,0.771389568220998,-0.166729261239092,1.48699816816263,2,1,0.0115646147784046
67,67,0.288522105120424,1.39054394556207,0.18236286344246,0.445572011642228,1.37548007358732,0.233319475940344,8,1,0.0274881697346384
68,68,1.32974684527698,-1.38546482161433,1.59456596265716,1.46212432442442,-1.51917954495646,1.60960273172498,2,0,0.0356295286478902
69,69,-0.67170115915668,-1.40155014624569,-1.56825303326282,-0.855996614836629,-1.3390147975569,-1.41230911354936,23,1,0.0621939909155083
70,70,0.0621454290664513,-1.59359097062287,-1.37424088403272,0.253615680664837,-1.56276613589187,-1.31878883760848,23,1,0.040685957135979
71,71,0.977156729272429,0.127747988200477,0.647564106348982,1.00535784058502,0.128778197027012,1.01407732931112,19,1,0.135128306615587
72,72,-1.30696574632399,0.895803082808988,-1.63218001862549,-1.25447233405651,0.95785882321282,-1.59023049372104,4,1,0.00836623588825973
73,73,-1.18264955041757,-1.46375272853784,1.5101491400546,-1.2018092469959,-1.45800822797314,1.49838675025192,24,1,0.000538447073581819
74,74,-1.41032669014282,-0.450955746416465,0.337958531678169,-1.50046673032456,-0.445431017449606,0.580888629460743,15,1,0.0671707818827737
75,75,0.359756770838909,0.960254585730217,-1.44145158116088,0.39814350329115,0.917212683568106,-1.45573823390444,7,1,0.0035302550167078
76,76,0.064505676556191,0.486195543293339,0.820057233563893,0.0363540683623433,0.476558205840767,0.831467027442493,6,0,0.00101557471342681
77,77,0.115160481460612,0.37079891334863,-0.756096823734806,0.109202290059038,0.407973205364862,-0.707720497145585,10,1,0.00375769700595287
78,78,-1.70309572308501,0.896216957030812,0.621414904470134,-1.6378045945019,0.930844765291863,0.560709164911704,20,1,0.00914720339195576
79,79,0.687198100419728,0.262396820988963,0.424436028710555,0.708624292037261,0.238777926482067,0.433830888690438,6,1,0.00110519725900072
80,80,0.355896934542815,0.0355961901999714,0.28747106583459,0.348685582997432,-0.0229102307193604,0.219527166806055,5,1,0.00809137829510093
81,81,-0.00697656163567374,-0.192055525368024,-1.18297429391667,0.161233421962849,-0.197992461668559,-1.52198261323148,9,1,0.143256486359503
82,82,-0.506819616503591,-1.02195471786125,-1.33701416052406,-0.496530583541382,-1.00614699705275,-1.60397887013659,23,1,0.0716259044149621
83,83,0.448999994835892,0.275482329250188,0.376970914358296,0.500138225133377,0.274943824932673,0.384615009297738,6,0,0.00267384077230179
84,84,0.808822935772939,-0.000126869452684112,0.562223089070855,0.825915762717711,0.0114646580466216,0.810036647144695,19,1,0.0618380878079477
85,85,-0.101208088087046,-0.334942364274509,-0.00892652135911211,-0.131582214618255,-0.353202822005327,-0.0217382074374964,5,1,0.00142017117924394
86,86,-0.952262370025365,0.946525531628558,0.156701427763184,-1.03208575051813,1.00749643531874,0.151689389106058,20,1,0.0101143437015912
87,87,0.83552611250639,0.502696716062444,-0.732126268638168,1.07936320843749,0.481385643894889,-0.709647631508484,12,1,0.0604159802762512
88,88,-1.12505848274969,0.185204267985025,1.57009298786724,-1.20811838298175,0.109225749511398,1.60189408089088,18,1,0.013682991813505
89,89,1.1691545064553,-0.309743511194221,0.378047332054573,1.36381910050271,-0.471611974807989,0.484223585545802,2,1,0.0753691004937578
90,90,-1.50932085937285,0.172188847528912,-0.906446248021705,-1.46537193903509,0.128435721288923,-1.02027219009471,4,1,0.0168021887434342
91,91,0.618275712829474,1.74638896342904,-0.832454962683316,0.765538416757175,1.76247277223884,-0.639565462624272,17,1,0.0591513521069557
92,92,-0.366439699195667,0.0850701490178343,-1.28185315376718,-0.312776308233235,0.0962430290470104,-1.47598543297057,9,1,0.0406919346064359
93,93,-1.65991677968418,0.912771788005428,-0.185080603100305,-1.63849676663159,0.990448127313041,-0.34533249309141,20,1,0.0321730988931253
94,94,-0.26258083816463,1.18226854329403,-1.3626018237789,-0.255167755430529,1.24517697135096,-1.38982155117444,10,0,0.00475333767570412
95,95,1.06281793269715,-0.601299391559531,-0.672798375775057,1.06044025895272,-0.632472071552825,-0.64643558376914,14,1,0.00167238611274649
96,96,-1.2629826274411,0.365818083231653,-0.0143955746443812,-1.36401871255664,0.403249493449396,0.00702953304676424,4,1,0.0120684362059404
97,97,1.51105433185651,-1.57474347176277,1.69634977012918,1.46866349787168,-1.63625206759254,1.74330179446662,2,1,0.00778478275626216
98,98,1.26094837268451,0.0217007401079053,-0.426780733030272,1.38282144517469,0.0155619112703427,-0.601865576507834,19,1,0.0455454334332555
99,99,-0.516707926416305,-1.42762050684588,-0.0745076167433838,-0.53490987121729,-1.50506667064307,0.106536891142471,23,1,0.0391063329170703
100,100,-0.384151049548715,1.67947755742216,-0.22830793879928,-0.329024564196346,1.63651747037964,-0.178544617116241,10,1,0.00736088665093546
101,101,-1.39573255426109,1.75356738842114,0.98170047977295,-1.47902228018781,1.81118443351716,0.838074688561449,1,1,0.0308852702316736
102,102,1.25405838782997,0.36268331562757,-1.60208229962295,1.38530024825796,0.348950421962649,-1.5804196350067,12,1,0.0178822893352881
103,103,-0.949953088519034,0.150197278838193,1.30203227338475,-1.01103218015601,0.117089980309061,1.3273133508192,18,1,0.0054658815273417
104,104,-0.480830088397111,1.61935981055051,0.340918504830042,-0.567250124489432,1.62052806295001,0.241385100716315,8,1,0.0173766859863335
105,105,1.02730664630706,-0.282059836802216,0.316434271153,0.832401353311078,-0.324564131992911,0.216521705171598,5,0,0.0497772091884957
106,106,-1.3171680791909,1.66712210452618,-0.529307993552449,-1.31244834586657,1.67312745854884,-0.336030916876435,10,1,0.037414368528016
107,107,1.57202250266313,1.08476085736127,0.802857464017955,1.58897484952392,1.0990122410995,0.721090693553877,16,1,0.00717628875466807
108,108,-1.43665261051776,-0.538675740693316,-1.39762572452118,-1.46143635016116,-0.536795838988509,-1.2341778750833,15,1,0.0273329672669995
109,109,0.715383106682739,-0.295773865897141,-1.37462468959099,0.58575410638026,-0.287626640499285,-1.62666359151918,19,1,0.0803936630862724
110,110,1.56795842980659,0.321096191071079,1.13211643281081,1.38338491781642,0.451218644504003,1.22241623359087,8,0,0.059153288236707
111,111,1.64476260996511,1.19574392752979,0.510024381520651,1.44331484819719,1.1927732856134,0.300704694027964,16,1,0.0844047570067376
112,112,-1.63757883435729,1.65709105188863,-0.0102516151637616,-1.54223410590469,1.68268835432431,-0.0788570865457261,10,1,0.0144525498392263
113,113,0.769366091361714,-0.462082186463168,-0.373524276491152,0.767109661058837,-0.44442301834076,-0.448590166556882,19,1,0.00595182554784747
114,114,-1.51092167976369,-1.54400904924187,-1.44320953943038,-1.6657632516414,-1.60016933479702,-1.1478077168899,13,0,0.114392126815437
115,115,-1.11409595607007,-0.0383720854016683,0.76671780625897,-0.934372707852485,-0.0543614238606994,0.852924671413277,21,0,0.0399877284939684
116,116,0.522971625947131,-0.405046380319949,1.70171202361802,0.580931822182333,-0.336445057822898,1.65537296512788,2,1,0.0102128341377206
117,117,-0.592992475559409,0.822778439487517,1.46667959168245,-0.655585212626791,0.78432538268433,1.49959217724292,18,1,0.00647972659937043
118,118,-0.314497808117599,1.57586617673841,1.06646246252045,-0.397535880741536,1.70977929507097,1.2783585434499,8,1,0.0697279938799078
119,119,0.992171712996877,-0.152197627989511,0.0358754068422945,0.769460915667775,-0.150538623842412,-0.169620535655186,5,0,0.0918314339246524
120,120,-1.56882383229163,1.46697735650554,-1.01904668271189,-1.47581306376423,1.35805256601989,-1.24701761722066,10,1,0.0724863600252056
121,121,0.300557410734698,-1.2285503058586,-0.525689445546319,0.264543948265255,-1.20638672748371,-0.537010554011922,22,1,0.00191636118230793
122,122,-0.297722859187942,-0.196476949288285,0.336765032632295,-0.292070426910408,-0.136582271669581,0.475115658109604,5,0,0.0227602179676633
123,123,0.403007139581136,-0.501349033920936,-0.374583118465203,0.376897709019011,-0.500363538373825,-0.180008962910335,5,1,0.0385417755756415
124,124,0.696546017565548,-0.242146441260634,-1.19147261007319,0.625514691607455,-0.192871452713463,-1.17479612305444,19,1,0.00775157898297507
125,125,1.21264169416836,1.5338369501744,1.15478478000616,1.30917203786134,1.4659507550371,1.36980493673439,13,1,0.0601603105431389
126,126,-0.101225884431429,-0.475768421167112,-1.67832463101378,-0.207774788224461,-0.423296592949583,-1.38360571734876,9,1,0.100965199727878
127,127,0.590554784972121,0.644501711144577,0.549516412012993,0.724253135202392,0.617362545076284,0.561025533243483,6,1,0.0187442430606766
128,128,-0.612802364521077,1.32128235231129,-0.391908240863747,-0.754614802322969,1.37528527077908,-0.452489645554574,10,1,0.0266971893126684
129,129,0.794548736101248,-0.411248912705372,-0.542523307776415,0.827985457598951,-0.42703992290242,-0.622121361681536,19,1,0.00770322053304073
130,130,0.682551407009165,-1.44603978808911,-0.692173210174273,0.855010359763595,-1.41931744323948,-0.802279207767939,22,1,0.0425795048055136
131,131,-1.50740075438115,1.55535694601707,-0.611111915464845,-1.47966918798356,1.48288123508081,-0.602184081033077,10,1,0.00610147467822099
132,132,-0.668172878784196,-0.443170224079354,0.0949013979900396,-0.589215723485703,-0.489849823829769,-0.00051265107375148,5,1,0.0175170581644367
133,133,1.3813392358167,-0.941612935659619,-0.694011651894673,1.20983740696515,-0.829773432542628,-0.536036847190279,14,1,0.0668769906782728
134,134,-1.45825509977002,-0.121268209367046,-0.393823396783771,-1.37433447865382,-0.148128873023851,-0.482326505362433,21,1,0.0155969661286994
135,135,-0.90195598289552,1.3037088487318,0.250153590352981,-0.794132550659732,1.22788935483739,0.278207668098376,20,1,0.0181615194716552
136,136,0.0446205189294676,-0.301003348351213,-0.590430100516878,0.0917474221484723,-0.331927857290036,-0.541997686760661,11,1,0.00552296896237417
137,137,-1.13975292352619,0.983352689924115,1.23354859226934,-1.14533194986405,1.03974016755117,1.24739129107845,1,0,0.00340229347834027
138,138,1.40605959700223,1.45872742612299,-0.233838472905652,1.36782229467846,1.49709974862817,-0.281577758217605,13,1,0.00521356578553787
139,139,-0.613414434298785,-0.81930947934002,-1.078107693364,-0.745593064683216,-0.779262392239772,-1.11349131419642,23,1,0.0203269601387313
140,140,-0.24756162483323,-0.342351794558953,-1.53534767163586,-0.293559500773689,-0.396652914423011,-1.45419860098772,9,1,0.0116495878765812
141,141,1.50921945695658,0.462037536867461,0.905669786791515,1.46793943826968,0.440773394055478,1.07132010651273,8,1,0.0295962321360594
142,142,0.676065000402892,-1.50473529110839,-1.3461130483937,0.706480820941975,-1.51031955583511,-1.29356335847629,22,0,0.00371777606202068
143,143,0.647933872855385,1.46657039295943,0.321410507051058,0.712835135639231,1.36607575254872,0.354675878495996,8,0,0.015417931599586
144,144,0.0801572102742333,-1.23543996192292,1.67317643122337,-0.0429326605601792,-1.1213453553538,1.56499096810352,3,1,0.0398727899806507
145,145,0.362476765128857,-0.879584325885468,0.805919303058692,0.274379636628401,-0.700214225187034,0.737716373814912,2,1,0.0445863766320243
146,146,0.653355230094692,1.48224020237898,1.20782974473598,0.65626948297907,1.5074680194411,1.22755298922247,8,1,0.00103394199666796
147,147,-0.6469169324669,1.03112750900701,0.537383488624637,-0.731901849067928,1.05860798449527,0.625122645659816,20,1,0.0156757722599885
148,148,-0.756265743334498,0.203761817901738,0.611263647834973,-0.631716646602725,0.18449587196601,0.613782760821013,20,1,0.0158900000997356
149,149,-1.62011991428266,-0.888587502190404,1.61731354720262,-1.55989610919618,-0.883453933284698,1.52863004816334,25,1,0.0115180232306542
150,150,0.134135255209295,-0.650576894523638,0.128658059839808,0.135266954339036,-0.674482802871479,0.0762399096203856,5,1,0.00332043566928154
151,151,0.665946851931557,1.40196865179071,1.54083585262073,0.648927705124089,1.48911882033353,1.49323880975581,8,0,0.0101502817245806
152,152,0.388722769733686,-1.03005116150593,1.58119899552396,0.371496157692339,-0.978251355406355,1.67244118495689,3,1,0.0113051132068925
153,153,1.60371128762255,-1.52584309508872,-0.8480156405727,1.50706790934314,-1.52769121812464,-1.03903748647626,22,1,0.0458327037364161
154,154,1.39118015579284,-1.22909806752735,-1.14190353679929,1.21242322569265,-1.23622618795593,-1.10171983229829,14,1,0.0336195802671142
155,155,1.40241483465894,0.489442453749574,0.46817852853754,1.21137572139157,0.487667168326218,0.512230747731367,6,1,0.0384396924522179
156,156,1.53901698916472,0.782374659797332,-0.342266778092953,1.24174113177838,0.790089695297678,-0.547892223738537,16,1,0.130714281054505
157,157,-0.206935022920927,0.801060910214238,0.487454523525362,-0.271860577523664,0.841055440932428,0.435153686503334,6,1,0.00855026768104597
158,158,-0.639109557960068,0.370738255818491,-1.59905442130813,-0.717184994644992,0.363548901406158,-1.42798834303876,4,0,0.0354110637648726
159,159,0.659798012051026,1.5583915974723,-0.414739148015233,0.730237022474599,1.50878440972368,-0.440683341023601,17,1,0.00809562841663461
160,160,1.00771323401378,0.379555078306453,-1.5021928927556,1.21713710375976,0.36580619375092,-1.53045164225725,12,1,0.0448459459692995
161,161,-1.37217115025186,-0.876633571766905,-0.163629080654468,-1.30704193777485,-0.882576442065152,-0.288196777363709,23,1,0.0197942430887033
162,162,0.783416648614859,0.454557894669418,-1.59648621247068,1.01848741199962,0.468233855099599,-1.55959753922611,12,1,0.0568060699057242
163,163,1.64141136634674,0.0021181860835449,0.279626046928994,1.5895231477359,2.49620324045408e-05,0.362532799380734,19,0,0.00957029841962889
164,164,-1.26014904635411,-0.220866920384805,0.69677939939249,-1.31650740092461,-0.206658296935157,0.919383140780929,21,0,0.0529305747903589
165,165,-0.113069476477427,-1.02551740167588,1.62259162454712,-0.220807784036472,-0.969707972127068,1.57952061587658,3,0,0.0165773471301485
166,166,1.47982642773549,-1.52138418646567,1.65118435025568,1.51179762007195,-1.63592944692742,1.70852751687095,2,1,0.0174310125911301
167,167,1.1669434638134,-1.13927682596019,-1.68741928214075,1.52604545877148,-1.1880778052972,-1.65921636599243,14,1,0.132131182846393
168,168,-1.57066141507646,0.366737279929872,-1.23237841113737,-1.52943166093472,0.316028148440331,-1.35238566576238,4,1,0.018673049805644
169,169,0.636597556612252,1.4295490186728,0.0435584945432634,0.617748953849753,1.47990421318965,0.0636666824267673,17,0,0.00329525466088658
170,170,-1.61526226142163,0.0776204130250141,0.129611796062946,-1.35550708392926,0.178007135567577,-0.28018316408015,4,0,0.245482155655614
171,171,-0.948328503902046,1.76134494220545,0.627904380731824,-0.981335666213228,1.69652738020415,0.642890767026022,1,1,0.00551538088178703
172,172,1.37064993628363,-0.423064891621515,-0.342483270594307,1.40911627878099,-0.475818077872258,-0.360990231118232,19,1,0.00460506575256453
173,173,0.940002051341447,-1.03101218670396,-1.2801232254354,1.10669944541269,-1.08003969087453,-1.38590685947174,14,1,0.0413818945852716
174,174,1.44438066903836,0.682649561031171,-1.00807431569968,1.09526341003835,0.707570076760156,-1.58975998700512,16,0,0.460862112837932
175,175,0.901867388306578,-0.531957647866374,1.01532329573807,0.978229824192568,-0.488469169012032,0.955146873511162,2,1,0.0113436711995382
176,176,-0.64003136255725,0.760020140763652,0.320305881868054,-0.723217969932675,0.761710912593539,0.413855874822423,20,1,0.0156744715377763
177,177,-1.40279921494849,-1.39418737090218,-0.690195521170259,-1.36405501634358,-1.44823912805066,-0.688969946300984,23,1,0.00442420741013448
178,178,-0.415501186969552,-1.11268004641093,0.636464115811625,-0.375322604086451,-1.09776391763528,0.614954429777417,25,1,0.00229947601343595
179,179,-0.679097869653038,1.69134700345614,0.314684473621992,-0.756481017768589,1.66441882469474,0.250196693611683,8,1,0.0108719521943375
180,180,1.38399840999745,-0.209285476957945,0.735414513249589,1.42499602196446,-0.300145811065214,0.82351037047264,2,1,0.0176972845609468
181,181,-0.928915402016233,1.29144758629694,1.25811822050038,-0.989219727947518,1.22301869986005,1.35855466825502,1,1,0.0184066042625893
182,182,0.123978525230996,-0.939378011709811,-1.11740733403912,0.110978358910265,-0.95509418891521,-1.20412565858942,11,1,0.0079360703631299
183,183,-0.330277053334872,-1.54197327410297,-1.13616145875914,-0.334362825468901,-1.56489622178677,-1.15072153655804,23,1,0.000754150929955547
184,184,-0.293319430606778,1.21199895180126,-0.964869927801885,-0.242517775882047,1.19101740829867,-1.01522760652186,10,1,0.00555692909658617
185,185,1.21011983784507,-0.932503284123402,-0.0257197802501971,1.13713206573731,-0.919733026164049,-0.191898549589228,3,1,0.0331056777446367
186,186,-0.927889390672848,-0.969572156500682,-0.963652681169882,-1.0649773362402,-0.914865227629134,-0.985525511917879,23,1,0.0222643736113643
187,187,0.301284315901909,1.17333703865489,0.44481344322602,0.384449707932346,1.11685047064678,0.372929456011979,6,1,0.0152745224146987
188,188,-1.28217696812451,-0.551558766944289,1.4637315566648,-1.22751754066093,-0.5791020675343,1.34112231363213,25,1,0.0187793128950818
189,189,0.813711415211209,-1.57629984733909,1.05548770266896,0.712272920994443,-1.56302038121215,1.10851124222572,3,1,0.0132776080767091
190,190,-0.662160771483407,1.72710877904657,0.577967774509939,-0.751748093753501,1.69859764739057,0.596035437124704,8,1,0.00916521337219192
191,191,-0.723324274825505,-0.441232429635348,-0.959688078758242,-0.641386994597572,-0.45296668027987,-1.01112830432731,15,1,0.0094975073359353
192,192,1.3725531072401,-0.394536452133422,0.841559442177339,1.43114177034261,-0.392807721235996,0.793655531652737,2,1,0.00573040459820417
193,193,-0.672490852917141,1.65448412555627,-1.25855797389542,-0.641335015052507,1.59211914595916,-1.20905395401861,10,1,0.00731072489715947
194,194,1.31291755721335,1.51235947823305,0.0136215991002076,1.15608997204212,1.56191351473242,-0.00438374133446973,17,1,0.0273746862881877
195,195,-0.635247257644794,0.660054594610317,-0.188984140057771,-0.493345733672333,0.648232483786445,-0.320034121043919,4,1,0.0374499023265087
196,196,-1.45127024725067,0.58990531442698,0.892618754260329,-1.36816192247753,0.631314800945493,0.893484395896592,18,1,0.00862248855576857
197,197,0.452968306503656,1.22560095821257,-0.830590018923934,0.410642049880303,1.32535605345102,-0.987240825669254,7,1,0.0362820662797378
198,198,0.437830106212827,1.55636376330655,-0.611431537873639,0.470353795658592,1.53794146622803,-0.657047646107473,17,1,0.00347800073521466
199,199,-1.55285382945969,-1.52631462656727,-0.404858902827015,-1.44268959007007,-1.53537445022695,-0.496578878499148,23,1,0.0206307939823329
200,200,-1.26157769559957,-0.951219442715507,-1.27107494391776,-1.33064317244609,-0.914637349498876,-1.3844843080025,23,0,0.0189699734982522
201,201,-0.188640934958314,1.11606151598558,-1.46374856588805,-0.183620586222557,1.23818501345221,-1.36559640378353,10,0,0.0245731994607024
202,202,1.4675957408126,0.83440055700826,-1.42745194178091,1.46818677883334,0.827673798051626,-1.4794752120943,16,0,0.00275201926610316
203,203,1.27859262094755,-1.41361231896892,-1.29155346851716,1.19032516257237,-1.40918426667829,-1.45308598542456,22,1,0.0339035058735393
204,204,1.24526026106022,1.45110529950288,-1.21808578984323,0.767948102383921,1.32677840859632,-0.96591256925385,13,0,0.306875405805139
205,205,0.399074994174298,-1.09663910139825,-0.31547484068542,0.430430511869553,-1.15005645354468,-0.281247052718539,22,1,0.00500812346937828
206,206,1.52156860213803,-1.60192812957147,1.69676654930609,1.42072283666661,-1.62151335096308,1.74039353907033,2,1,0.0124567635463649
207,207,-1.11326687116847,0.779969019699812,1.20670134101794,-1.1052372224878,0.819567794938164,1.23667163672729,18,1,0.00253075688321841
208,208,-1.17894838876274,0.973975901766261,0.350873988443618,-1.26259163841751,1.02116893127777,0.415863012820708,20,1,0.0134469485367705
209,209,-0.235144232368373,-1.09548064126842,-1.70642862133327,-0.164869483891733,-1.13925761862498,-1.7749870224455,23,1,0.0115552183829966
210,210,1.48969188840622,0.113325498616906,-0.394925720345319,1.41842506867462,0.125696201842906,-0.571081685011874,19,1,0.0362629177805661
211,211,-0.721178951067285,1.29944199897614,0.419995366931192,-0.642297109990785,1.20929007725821,0.449828402217344,20,1,0.0152397238354387
212,212,0.588425989456569,0.580820919952693,0.575324231142619,0.716510780632514,0.519101382281804,0.573993590138504,6,1,0.0202167856663755
213,213,0.236228425068145,-1.18014565196803,0.534929820068505,0.300248967601169,-1.20376051841351,0.441693570074298,3,1,0.0133492900964426
214,214,-0.229727976799813,-0.464413507247188,-1.28975524245997,-0.245218376288988,-0.420172833718002,-1.23434930935682,9,1,0.00526700709368111
215,215,0.16197077849229,-1.47642263490831,0.337204125972198,0.084687519075537,-1.47493535629245,0.225469463183649,22,1,0.0184595490522291
216,216,-0.857727919436194,-0.525080639047789,-1.35930133444725,-1.05696716401079,-0.51685123140854,-1.1884873455993,15,1,0.0689414185148962
217,217,1.35737033219851,1.5016415895331,1.48176172777588,1.17975619538664,1.46735146583705,1.30834323095458,13,1,0.062796569218275
218,218,0.578812613750404,1.49372171286476,-0.14230306091911,0.616871249180524,1.45222543088321,-0.163759826758136,17,1,0.00363079394936607
219,219,-0.149696454364221,0.876621003229893,1.14160501141801,-0.185981749899628,0.9984182169697,0.988865448597745,1,1,0.0394805579973967
220,220,0.0572110989719999,-0.082504448462946,-0.388128644511327,0.0673532521666486,-0.0859396496361287,-0.15351009809851,5,0,0.0551605261993871
221,221,0.775886471388407,-1.47947520329501,-0.108160208816228,0.878332114451027,-1.47209231059178,0.104393596718143,22,1,0.0557287371343242
222,222,0.98870638119355,-0.878655645722923,-0.280271845125442,0.963990994441829,-0.891971119637503,-0.250444677766083,3,1,0.00167781210054022
223,223,0.895820517460453,1.38116355037821,-0.750438574885446,1.00332128617499,1.32559246405315,-0.716961903957573,7,0,0.0157652484059776
224,224,0.914807476691159,-0.330336517113727,1.03426362538029,1.08908584555138,-0.338652184966394,1.13280748511977,2,0,0.0401529924767689
225,225,1.23448475597253,0.382216403555287,0.502095119686225,1.13270893235592,0.328568289500108,0.496568584870449,6,1,0.0132669810015851
226,226,0.107587475561913,-0.0628424275778724,0.00981540949097004,0.138446898794944,0.000602163347710849,-0.0382259659932219,5,1,0.00728549387840306
227,227,-1.53312680801874,-0.711407228983596,1.28909934025936,-1.50169126251976,-0.701778424819008,1.31776025970269,25,1,0.00190235569379534
228,228,1.43491655280596,-0.370458639489391,-0.358505966820314,1.50973758014792,-0.440704107777648,-0.411429796309242,19,1,0.013333543675317
229,229,0.405528155055442,1.31091734343713,-1.01582667520224,0.376602975720941,1.33064831720538,-0.986942307033079,7,1,0.00206028404990805
230,230,-1.26660681337087,0.237387148641168,-0.831507957033323,-1.40298479685637,0.187132229836227,-0.812949074373354,4,1,0.0214689433692484
231,231,1.02125602968356,0.376145363126008,0.085203288757003,0.881942524915168,0.395714220367431,-0.0364705540322317,12,1,0.0345957168036879
232,232,1.23387515216492,0.513195425235813,1.7498250061311,1.30017043634529,0.476610824230816,1.60485438022798,8,1,0.0267499801099944
233,233,-1.66296851328475,0.287954438213272,-1.19887432007177,-1.5262543376547,0.232852707838453,-1.37727380648933,4,1,0.0535533432625549
234,234,0.283580246403634,0.156838568211934,-0.85037063423532,0.253467659742946,0.211152088060746,-0.835715340845985,11,0,0.00407150393809223
235,235,-0.720051875919026,1.51421784521587,1.35324328724367,-0.687109216958998,1.54202162997372,1.34863650281603,1,1,0.00187949168898068
236,236,0.661748933865333,-1.44391219631013,0.890850568191026,0.737145619368963,-1.51303610531932,0.922619264792619,3,1,0.0114720250654073
237,237,0.215817007180414,-0.355054457689882,0.334501131380615,0.245841662863058,-0.392703322297535,0.395706548843991,5,1,0.00606502008197284
238,238,-0.335562891470232,-1.3339484606584,0.424385220376202,-0.281743990087572,-1.29717228997137,0.236738956026793,24,1,0.0394600814007266
239,239,-0.544506698160659,0.34574296823524,0.84292110618956,-0.564735648690534,0.348363139557974,0.941405803261274,18,0,0.0101153112946079
240,240,-1.74845537808563,-0.512174087343764,-0.395710969081907,-1.63587954861487,-0.547300481212567,-0.597844890617127,15,1,0.0547653031624619
241,241,-1.64706433858832,0.407836770424216,-0.24918351997645,-1.57726755721649,0.413955867892957,-0.227992511096377,4,1,0.00535809290105376
242,242,0.251557634643067,-0.683007476205863,0.684783048650501,0.178970301539619,-0.64204541465139,0.622250428732882,2,1,0.0108571399676247
243,243,-0.269931005426178,-0.176004789574773,1.49916367513856,-0.481619472597267,-0.316425483153403,1.59633878517952,2,1,0.073972980329821
244,244,0.190049392972295,1.57289672754788,1.77620546151175,0.245356022631794,1.56853405850844,1.78432003067864,8,1,0.00314370239820485
245,245,-1.31419640572894,-1.53324353440283,1.24852517303823,-1.3225049637239,-1.56740395667575,1.24340571703171,24,1,0.00126217541562262
246,246,-1.52817015738317,-0.123084919237965,-1.15453626877039,-1.37864081962283,-0.126931406795159,-1.42619704693954,9,1,0.0961733967130422
247,247,0.393889306810578,-0.860390635267997,1.69150731821795,0.46632257018799,-0.935749880854713,1.55821325104016,3,1,0.0286929018836986
248,248,1.51746241659898,-0.111941342370286,-0.204903087398168,1.66414043715137,-0.156243382863916,-0.308188488615337,19,1,0.0341449866096583
249,249,1.06941769198938,-1.21872212331657,-0.366016747287872,1.04572343361808,-1.14777579793837,-0.313500724104822,22,1,0.00835273165539806
250,250,0.911842664634942,1.38554276953326,0.641317008907237,0.806281859701229,1.41364477633458,0.618115854028691,8,1,0.0124710999122132
251,251,-1.40542550042351,0.831942019115954,-0.613604390694407,-1.43521850187099,0.936401037718914,-0.584973860616025,4,1,0.0126190167553123
252,252,-1.41681347913053,0.851728180006847,1.50951312206794,-1.34452978037631,0.909378266381105,1.58568652751006,18,1,0.0143508532611994
253,253,0.714374753168011,-1.22116786227499,0.625697567185135,0.867427623508677,-1.26772011674593,0.595635983785468,3,1,0.0264959923123388
254,254,-0.15489954398533,0.130176708536479,-0.580657976154813,-0.179545041086633,0.202051014065859,-0.43247441375237,11,1,0.02773168448898
255,255,1.53547172988573,-0.701782913344926,-1.38436598558245,1.49544007730106,-0.706267131240794,-1.39035285450967,14,1,0.00165848401834937
256,256,0.620503533432527,-0.175946947140299,-1.19501457093311,0.532222997090515,-0.130573987048398,-1.20207920127073,19,1,0.00990206760614178
257,257,-0.598052298950552,-1.3592457357082,-1.33035858309955,-0.656535340869308,-1.35717998787957,-1.41484092046825,23,1,0.0105617988334415
258,258,-1.0827786956494,0.314841395223133,1.65959031161157,-1.20560287202988,0.263901458338699,1.66038839069668,18,1,0.01768129240356
259,259,0.182084600220353,1.69067590947172,1.48253585608099,0.284379841507833,1.53824667062251,1.55046228303766,8,1,0.0383129887253139
260,260,1.30077629097065,-1.32894538951271,-0.00823248882909833,1.27076133724882,-1.31417719313216,0.124587755312406,22,1,0.0187602143250673
261,261,-0.719048027091776,-0.063280118809191,0.923250008011383,-0.573467955228213,-0.0757343059364408,0.951089460054607,21,1,0.0221236991908677
262,262,-0.517469599030705,-1.32944228640188,0.0824211789820554,-0.594268948768941,-1.37766949951289,0.206712279944107,24,1,0.0236722819830298
263,263,1.61932776710733,-0.784001259197414,-0.121854784805499,1.84033216309063,-0.842339224181447,-0.13918307084598,14,1,0.052546530699524
264,264,0.963481723268718,1.50952951713113,-0.836184125346064,1.31566882874921,1.80756410233337,-0.693891619386452,13,1,0.233107528495664
265,265,0.85693278149174,1.49270838874465,-0.2324088532349,0.883661578903729,1.48317315584504,-0.22498996250986,17,1,0.000860389217130942
266,266,0.0905801206553931,-0.341980316190011,0.129072152977234,0.0908410162984357,-0.37856610639201,0.110720118855143,5,1,0.00167538526765958
267,267,1.16550125173236,-1.67179549043348,-0.299827134465444,1.22576562874209,-1.65152086912335,-0.0977493254210022,22,1,0.0448782963138409
268,268,-1.33635896283394,-0.938839881253587,-0.635038187560145,-1.38312088996346,-0.927422585682865,-0.580340254540121,23,1,0.00530889634367838
269,269,0.592431403829603,1.14187431404735,0.459188768148016,0.622000724212546,1.15249018391296,0.398018601977654,6,1,0.00472883063022218
270,270,-1.33892686100413,-0.674331264692817,-1.17242591229037,-1.49150865237595,-0.635085433372296,-0.977981877642294,15,1,0.0626299209444962
271,271,-1.43079238863675,-0.133310934487483,0.15313947227951,-1.49375238675359,-0.109203819918643,0.236757521995133,21,1,0.0115370925739514
272,272,-0.816220316538062,-1.46566259069254,-0.545100868070896,-0.982605351618945,-1.54209885976005,-0.456398506279333,23,1,0.0413945921152277
273,273,-0.761622585411297,-0.56005271825043,-1.14221861134743,-0.842209139158185,-0.55053199800054,-1.10061035671836,15,1,0.00831608361215352
274,274,0.412132686311976,-0.453207202404625,0.531608503750343,0.432686921055075,-0.452531893600394,0.545528906813697,5,1,0.000616710229301734
275,275,-0.905237162918646,0.242481616822059,0.00601878309444667,-1.02609727159294,0.28956855662145,0.0671510490660752,4,1,0.0205614997112596
276,276,0.648019510690622,-0.989903935726467,-0.175183914268354,0.687346239770002,-0.946879037672239,-0.156431463933624,3,1,0.00374938786621622
277,277,-1.68621828812563,1.26309781377958,-0.941004354660526,-1.43825782872551,1.14453274692953,-0.909717945580689,4,0,0.0765209038961845
278,278,-1.09318379017692,-0.982101379007131,-0.181514265902749,-1.15979500044535,-0.940073603648808,-0.0560985836080632,23,1,0.0219324806004365
279,279,1.58517898382629,-0.863517814524638,0.209275845288763,1.39224252706176,-0.761685842917184,0.232015859161837,2,1,0.0481113350212631
280,280,0.224856680014006,1.54386783339402,0.633374000870785,0.320842950442957,1.46200109811662,0.574784154612622,8,1,0.0193482965403937
281,281,1.46400794550022,1.14697932750962,1.44326326638075,1.29769553835019,1.17189043329966,1.3362638087373,7,1,0.0397292638997128
282,282,-0.856505506450038,-0.953673865328008,-0.400037356089004,-0.998370991270051,-0.885332195272054,-0.129499375831014,23,1,0.0979871984113266
283,283,1.09923468273062,1.09489795577533,1.75751906929235,0.77525611487827,1.12137022412107,1.2686958128686,7,1,0.344611069439749
284,284,-0.16816560084227,-0.245798030090857,0.532620318043543,-0.188827856079576,-0.190230773456977,0.684719339166184,5,1,0.0266487610277729
285,285,1.50582240755332,-1.62553666832941,-1.07571300202516,1.40865197408302,-1.63928544275953,-1.09594695415638,22,1,0.0100405347579847
286,286,1.65109739842843,0.0704226428688735,1.54463110423416,1.5343906105093,0.137050990383246,1.37430387258311,19,1,0.0470711768808084
287,287,1.09460843697249,-1.25683341241911,1.6996591369109,1.30007203938055,-1.35127351113699,1.56359095909717,2,1,0.0696487731738882
288,288,0.0607377756835457,1.6209822019916,-1.59881152613008,0.536006293267675,2.27502805547964,-1.52239956648853,13,1,0.659494929847784
289,289,-1.30209051172041,-0.470744273248499,1.67997600251672,-1.31882656303468,-0.447022083152461,1.16984087760868,21,0,0.261080683381482
290,290,1.64468061450819,-1.09205854872895,0.376197799222715,1.28540853865976,-1.03159714373659,0.182936981102701,2,1,0.170081749798506
291,291,1.14394045181173,0.265536661281172,-1.41539657147048,1.18608159875051,0.213696015207698,-1.47009123439195,12,1,0.00745483500272344
292,292,0.768275931629856,-0.917144508300059,0.0362805410851662,0.847423729112056,-0.947504147178071,-0.0905338784761989,3,1,0.0232679785277726
293,293,0.778287686367261,1.10721987180038,1.59245728321253,0.604919127366117,1.12696454614737,1.42119497385581,7,0,0.0597772880214009
294,294,1.3046017343973,1.79822105243392,-1.11297798652913,0.051475003035591,0.558382321221481,-1.22160542491572,13,0,3.11932660463817
295,295,1.70479443592519,-0.862527927208659,-0.026319591271737,1.88933284916777,-0.887835522220141,-0.0986532624090086,14,1,0.0399270603075484
296,296,-1.40562131873949,0.91578294946718,-0.315148236854433,-1.5747157611448,1.04336808695953,-0.434892158250976,20,1,0.059209504472726
297,297,0.18612292085744,1.75896405682598,-0.977125687407922,0.181529311338184,1.78895673872898,-0.998460286056147,17,1,0.00137582731563073
298,298,1.2684450056942,-0.481997353200529,-0.79142136380276,1.24796099519961,-0.472999430781453,-0.766613568275311,19,1,0.00111598401273384
299,299,-0.705250684389183,-1.06133432280367,0.592950880611848,-0.714737523677857,-1.07103935476869,0.578842688841236,25,1,0.000383228840167489
300,300,0.431234558969216,0.149842685133303,-0.127741402392611,0.368948298396631,0.0978329720308544,-0.171897442593464,19,1,0.00853434439933426
301,301,1.32082822543315,0.76315161456791,-1.63579578774541,1.46624078927934,0.761940795187871,-1.57597998804076,16,1,0.0247242097022028
302,302,1.06733349658663,1.09812021001231,1.06299292536411,1.12617982396993,1.1655046166911,1.34353301658377,7,0,0.0867062912914897
303,303,-1.088093653302,-0.141649190712694,-0.289116409525368,-1.17853863779024,-0.130301014688497,-0.452172599680369,21,1,0.0348963974660183
304,304,0.658758685639628,0.911960609029677,-0.96399011711883,0.79011781234222,0.910215789460362,-0.919435502975346,16,1,0.0192433782048719
305,305,-0.673647644565909,-0.337009018786761,-0.74510520324376,-0.65003876886972,-0.374359084042431,-0.65074501378085,21,1,0.010856251741717
306,306,-1.65074869887087,0.487755549535368,1.51137465656072,-1.5520532885764,0.484452872840189,1.47924112352909,18,1,0.0107842556316418
307,307,0.220276370752786,0.246655452192248,-1.45644375692186,0.144057245356738,0.288654744575022,-1.50463798544728,12,1,0.00989597929995338
308,308,-0.473452323340382,-0.437138017786401,-0.0278847003770597,-0.479760254883448,-0.480169150200907,-0.06521579463281,5,1,0.00328507895555841
309,309,1.01326864716275,-0.862803422438342,-0.356861885873939,0.955467260072229,-0.884496244723515,-0.251209178282948,3,0,0.014974073509592
310,310,-0.986036364868918,0.334119987865022,0.227047158100587,-0.864871200677858,0.220079730333686,0.244340079654204,20,1,0.0279852224871196
311,311,-0.626906695139737,-1.56336938012677,-1.14658261593831,-0.818060941585719,-1.54185252607589,-1.01283086220172,23,1,0.0548924525701913
312,312,-1.30827607582662,1.36052102517271,-0.782391718414678,-1.2757600113618,1.22079809056181,-0.535893373630408,20,1,0.0813412268859467
313,313,0.107775505782436,-0.305703393853023,0.555320024627614,0.100857389812891,-0.278767735328151,0.678136423058941,5,1,0.0158572577523792
314,314,-1.55485940840886,-1.64081260666315,0.0134791347590029,-1.41485910840211,-1.56492652968376,-0.308308783505248,23,1,0.12890624502214
315,315,-0.63184597473273,-1.1442024691703,-0.178785678192759,-0.678649446275265,-1.11621460020375,0.136603459919874,23,1,0.102444194197151
316,316,0.201022261509137,-0.784725662701596,0.305154288279594,0.211311512719451,-0.697138675972711,0.235594699499985,5,1,0.0126158853259033
317,317,-0.0171973053885712,-1.45303354753364,0.0599681612606555,-0.166965209402812,-1.40092022415315,0.0159806265741149,22,1,0.0270811267543787
318,318,-1.20189544626395,1.02771421241025,-1.42300573037359,-1.22776966328695,1.07429507496734,-1.47570337181484,4,1,0.00561629327658615
319,319,-0.541789909241663,-1.32746076046128,-0.364431760838868,-0.57414586603065,-1.41651078087286,-0.109178517885082,23,0,0.0741310321134591
320,320,1.47709137620087,-0.940637890142609,-1.13586354456629,1.29497752011994,-0.886128362879332,-1.15639149385661,14,1,0.0365581418411973
321,321,1.20331626729419,-1.02074998693579,1.41307169399886,1.05982362499014,-0.967373580015116,1.50370278167517,3,1,0.0316531732645526
322,322,0.0475538313390728,0.266954827283278,0.802781732038952,-0.0310953400612168,0.369055859636658,0.728396100970043,6,1,0.0221435350790981
323,323,1.48535905797395,-0.000957074456367183,-0.481091104151438,1.53792739131212,-0.0058313394812694,-0.697198935017784,19,1,0.049489782691244
324,324,1.72504968611119,-0.315174677818277,-1.6405626607933,1.55528440903323,-0.213966597282622,-0.979509668458017,19,1,0.476054383542494
325,325,1.26699232299484,-0.36461877771034,0.343711002036003,1.42055516050221,-0.51157440895711,0.402179694195843,2,0,0.0485960905813334
326,326,0.173847905000423,-0.33203346229546,-1.5600940197631,0.264062315232787,-0.397961925726322,-1.6843642392144,9,1,0.0279282895464026
327,327,0.25104881565796,0.823356999760604,-0.987112626514724,0.168945873627406,0.868117814439344,-1.05742045689218,16,1,0.0136876146331624
328,328,-0.829027203518449,1.45517084332394,-0.687461347996737,-0.963515118403137,1.43069469459133,-0.663822275915013,10,1,0.0192448868356973
329,329,0.380516136328117,1.35810861623775,0.67250987784012,0.466424454478017,1.45034405667639,0.68510994285876,8,1,0.0160463772387277
330,330,-1.42447199215245,-1.1953594927192,-1.01092250302308,-1.36963419259437,-1.22050146537544,-1.01921155870675,23,1,0.00370801149354586
331,331,1.2112700724325,-0.871157659108633,-1.02119798694792,1.11326932099094,-0.817316506026233,-1.01828899246293,14,1,0.0125114792972677
332,332,-1.73111153141343,1.62922743398146,1.0487011722683,-1.62702764003542,1.69760646427977,1.0402018727064,1,1,0.0155813863219709
333,333,1.07881610494551,-1.38211663075345,-0.847833587690904,1.19640827479466,-1.35025076070791,-1.06696481442765,22,1,0.0628618466147424
334,334,1.52522339028858,0.128431952037918,-0.341434949620243,1.39859243251593,0.144625764590967,-0.514267543564497,19,0,0.0461687445609218
335,335,1.15745510732898,-0.651565983999349,0.375341081312042,1.24014127691963,-0.700470116589711,0.281390666391346,2,1,0.0180552972897605
336,336,1.41611413163874,1.22822742079664,0.689211598004427,1.41934222230381,1.1722074344739,0.468166811991626,16,1,0.0520094568603865
337,337,-0.449477812761688,0.597714320847647,0.975919891517334,-0.439127428829468,0.555430629669669,0.974205972797233,18,0,0.00189797850455807
338,338,1.24706757913441,0.416898807641203,-0.242587765163105,1.2424410119473,0.428210780731777,-0.163868986192001,12,1,0.00634601202184023
339,339,1.29743956028868,-0.0378731495873724,0.704399077666692,1.26470238823292,0.0110801514217667,0.956541953260613,19,0,0.0670441778266714
340,340,0.347928331632949,0.271630567221552,-0.680742769996831,0.298079297147513,0.287582549424725,-0.696863091011054,11,1,0.00299925672494209
341,341,-0.312955685228782,-0.0524200116339267,1.4315197991698,-0.278888637705656,0.106815000107518,1.51175956235866,18,0,0.0329547722878461
342,342,0.244529840297782,0.724909322063267,-1.39067396930048,0.219580377198444,0.624630376878549,-1.37391172901765,12,0,0.0109593152556042
343,343,1.01104679444146,0.813656197834866,0.623422892455531,1.50760287974021,0.757815329365507,1.27264374703004,6,1,0.671173866453086
344,344,-0.939505116546125,0.701220924419397,1.72307659917776,-1.07993051035829,0.766046106187084,1.65158126875148,18,1,0.0290331776912795
345,345,-1.74758887442879,1.25247182051874,-1.693807921972,-1.35821446999468,1.06888464807265,-1.41713942631807,4,0,0.261862133202581
346,346,-0.910600224546628,1.24649332365068,-0.824622033398699,-0.938609389582295,1.09918545671058,-0.913190373611777,4,1,0.0303284718765369
347,347,-0.128827983354337,1.06376243235681,-0.677020142440437,-0.0625066960678939,1.12607946891352,-0.710023540548802,10,1,0.00937115047924103
348,348,1.62491332400953,1.79060728442186,1.51694872275018,1.21885621814499,1.80123095307627,0.803305521152331,17,0,0.674281854745599
349,349,0.753997322866047,-0.998634981520678,0.919993130578416,0.89431060428273,-1.05204837200152,0.975302276269785,3,1,0.0255999088216854
350,350,-1.23671095645755,-0.0787047647190912,-0.0541467989873032,-1.36924809251277,-0.0558407558532892,-0.0487940303506414,21,1,0.0181175074672127
351,351,1.38728055767973,0.0832514987205834,1.4284823364667,1.39514596781582,0.128008323170677,1.41725125511454,19,1,0.00219117519980405
352,352,-0.450179227133493,-1.42993755121404,-0.79233925467434,-0.50417589176334,-1.51321549603864,-0.749593600454526,23,0,0.0116780468400375
353,353,1.13862673299696,1.20458786476703,0.983699536554921,1.31796597832392,1.22202129273937,1.21931237874683,7,1,0.0879799007310546
354,354,0.554621171937627,-0.136360278023514,-0.247409118063216,0.527279485445708,-0.133643560176438,-0.278706119070062,5,1,0.0017344506481055
355,355,1.36392674777411,0.678506610944263,0.883600955788629,1.13727427200378,0.733891108826162,0.845321871223383,16,1,0.0559040756936021
356,356,-1.35546263229377,-0.907760643988516,1.01729244121446,-1.39669004144834,-0.929233219923618,1.0629469734083,25,1,0.00424510709272492
357,357,-0.308297703762025,0.621167763397351,1.59302768951325,-0.366834536214324,0.581843105902328,1.56958969380709,18,0,0.00552232908337169
358,358,1.49773094314555,-1.091933435555,-1.38311908989614,1.48416001116103,-1.10408735061244,-1.46603415124452,14,0,0.00720679524455667
359,359,1.03132435541396,1.61732727996203,0.0789599361331822,1.07115829413826,1.58490512839318,0.0939060428439341,17,0,0.00286132469245466
360,360,-0.594428887538297,-0.3511469414013,-1.33098278837651,-0.666429940565582,-0.379138164934222,-1.28769642265204,9,1,0.00784136968954071
361,361,-0.489551834474146,-1.64919186596823,-0.998596481250391,-0.708316267333288,-1.58366072065053,-0.883333340785854,23,1,0.0654377996405793
362,362,1.31343660685291,1.39756044049929,-0.253823403137356,1.55910705683628,1.69618284429916,-0.178242285363828,13,1,0.15524181541014
363,363,-0.372200408257745,1.00792374121193,-0.108009114616232,-0.405284930175924,1.10658862852429,-0.162390814432221,20,1,0.0137867148537917
364,364,0.68532661249688,0.448408707263326,0.398628010856359,0.825648812157016,0.363891466434071,0.413620099883994,6,1,0.0270582464482618
365,365,1.64296767831829,0.586981852355526,-1.25656979158255,1.40127428191376,0.598211087174762,-1.36500146324687,12,1,0.0702992210001039
366,366,-1.1190663958486,0.808536592760579,-0.563431214274027,-1.19209280490596,0.901334476616553,-0.537595452681964,4,1,0.0146117902450026
367,367,-1.02691043585554,-0.14913152586789,0.669318033837169,-1.05147541061242,-0.125514082874036,0.857265281730495,21,1,0.0364853895890497
368,368,0.397338976582255,-1.44140522064864,0.75014261663468,0.482379369656867,-1.47523899931315,0.706707152812365,3,0,0.0102632325504634
369,369,1.57404913990448,0.86410042891796,-1.45408709201818,1.51213431874071,0.856296700829229,-1.40582002139964,16,1,0.00622405335791927
370,370,0.957984207742229,-1.20038958208534,-0.953776959408969,0.877154023102381,-1.1666331920782,-0.955701357166644,14,1,0.00767671592195586
371,371,0.886181477326491,1.26454208196331,1.63991592435625,0.883932895115391,1.23373349320764,1.6453373251056,7,1,0.000983616849161003
372,372,-1.20866390405378,1.07355379604793,-1.02901895529386,-1.32783844876011,1.14338439053968,-1.05279211699087,4,1,0.0196440472501038
373,373,-0.977172189509049,-1.13413862037278,-0.242073874827012,-1.05808347643623,-1.12697422595106,0.00839406978934454,23,1,0.0693321561799854
374,374,-0.193589990640071,0.575781638678667,0.504729845872413,-0.230211246184497,0.60881003780431,0.417488123301497,6,1,0.0100431096635936
375,375,-1.68288153208163,-0.312527248779946,0.170609736914285,-1.77973188411865,-0.288045256590819,0.298443879106175,15,1,0.02632092654118
376,376,0.53585783951806,-1.03322561033601,-0.557937662484377,0.557685013674698,-1.11028798417101,-0.552384433670774,22,1,0.00644587334300485
377,377,1.10986638508378,-0.469340996324785,0.193226344050249,1.29058857947227,-0.607319107871916,0.29499645152656,2,1,0.0620556255864451
378,378,1.40158394905291,-1.27810416296192,-0.0667115687843127,1.29174255720948,-1.24713016579651,0.0141273532082582,22,1,0.0195594511714252
379,379,1.46575961146743,-0.627207585707724,-0.423440503671261,1.43737400740852,-0.653898364906941,-0.413203851779347,14,1,0.00162292925400702
380,380,1.30445728005357,1.26915349824616,-0.737514312341096,1.21443624136477,1.28225115766481,-0.727559134081189,7,1,0.00837444166304448
381,381,1.53521440083285,0.916411868236025,1.42890594232125,1.72754259620933,0.869790289260611,0.977870932562245,16,1,0.242596286391242
382,382,0.211588492746183,-0.31261690632636,-1.07536103963592,0.272645751090588,-0.378458868776596,-1.14577187926235,11,1,0.0130208391527324
383,383,0.92736972148859,0.187070122846504,-0.484240750132147,0.96613344078142,0.164649828792186,-0.492006634983439,19,1,0.00206560448641899
384,384,1.33379648323415,-1.05324369452805,1.09193601389202,1.20879585332686,-1.03297170184522,1.15953011089161,3,1,0.0206050731137409
385,385,0.412382205809221,-0.362534560862302,1.32395343574314,0.434355898593034,-0.347376617236541,1.46731590487194,2,1,0.0212654039842265
386,386,-0.811154217018891,-1.36081394099022,1.36239641226095,-0.919354326576516,-1.3082558546995,1.45516973657792,24,1,0.0230765058476457
387,387,-0.905323415295483,0.80748495851775,-1.18593271962312,-1.07832957391626,0.919894153399402,-1.28478379286917,4,1,0.0523384926965549
388,388,0.367738361061268,1.77678817680861,-1.63438623599847,0.124160666685001,1.45875856339837,-1.59303706658278,13,1,0.162182682014893
389,389,0.327529413326281,-1.16494537056148,-1.60566651062959,0.0947421046014438,-0.789174402912218,-1.32604705147017,11,0,0.273580793172015
390,390,-0.566980324518325,-0.758044981875709,0.296999127104533,-0.619405116953495,-0.738052280734224,0.269941313157743,25,1,0.00388019225638258
391,391,1.0600077744243,-1.17048183634116,-1.58960423400744,1.44078107180335,-1.23985707209751,-1.63018597261325,14,0,0.151448104841427
392,392,-0.626368522526306,-0.475946313937288,-0.652485704747202,-0.603032587688257,-0.481370514726534,-0.491128158481329,21,1,0.0266102455459111
393,393,0.0505648296106943,-0.59277715139844,-1.17173250036742,0.139568089583732,-0.768709558360579,-1.20739412070583,11,1,0.0401455432704805
394,394,0.775270423673165,0.333148917759523,0.724145338060796,0.766763971142125,0.25900598263331,0.672297090139184,6,1,0.00825777537633363
395,395,0.972785260756346,1.35780082128204,-0.106901656793659,0.898117397418386,1.48990424095071,-0.0332590635397522,17,0,0.0284498348447723
396,396,0.300444617964418,0.324809924763298,0.271650550683108,0.387040891204146,0.340885085710391,0.318731371640903,6,1,0.00997392904054439
397,397,-0.122188514920077,0.10201565774721,-0.157115003268331,-0.122140633848279,0.128880150946205,-0.0484783141124951,5,1,0.0125236335181776
398,398,-1.48917285547531,0.246532653740066,0.335040816817465,-1.02967334184327,0.186429819771547,0.192403556889289,20,0,0.235097541598946
399,399,-0.665100886770984,1.01070939952423,0.126120814570822,-0.680236090507613,1.07869430750138,0.0952990540004621,20,1,0.00580100302946749
400,400,1.69683116294438,0.427624905231031,-1.59664896463582,1.55442569852875,0.454941882182881,-1.61812906094221,12,1,0.0214869280625496
401,401,-0.397160284593454,1.14587330617017,0.0649443678386952,-0.350457357226964,1.16354356346333,-0.0485979591217562,20,1,0.0153852614290003
402,402,0.793274879154882,-0.0994233703966104,-1.14339013829718,0.767261282205477,-0.0957579555235616,-1.20206425318899,19,1,0.00413279425077479
403,403,1.00336102503637,-0.998334282418416,1.60079360137993,0.905735831271154,-0.946139133903921,1.65089292562162,3,1,0.0147649542756202
404,404,-0.717681224142442,1.41036540251244,-0.702024806446596,-0.82850898875026,1.37629362210769,-0.699523718985193,10,1,0.0134499350664054
405,405,-0.333600353844211,0.714272858380141,1.20902948568802,-0.319906459035053,0.631513817986544,1.20667076786089,18,1,0.00704214507170147
406,406,0.058951326661739,-0.4381038654856,0.541789251437486,0.0776579902157558,-0.424255973576999,0.576957534972652,5,0,0.00177851153844533
407,407,0.774698498093918,-1.17533912138506,0.869002694476761,0.911709243295309,-1.21755595937861,0.936892194308909,3,1,0.0251631898982732
408,408,-0.00687875587674612,0.112567981786618,-0.428092486226485,-0.115295718859126,0.198896218444976,-0.463922828276298,11,1,0.0204906157182707
409,409,1.29581383438015,-1.53561734559858,-0.258194975550806,1.36334357195954,-1.54267056194026,-0.105286018468262,22,1,0.027991162474375
410,410,0.191641393227972,1.04144485431254,0.498921387310283,0.19731692612234,1.0829971646209,0.44645895141589,6,1,0.00451111334557062
411,411,0.0341513755106866,0.101829979631994,0.760530995662017,0.0300748994118039,-0.0093887912238505,0.585219683942015,5,1,0.0431202886650573
412,412,0.843606638073667,0.990937621427906,1.70089543829717,0.80661959984257,1.0587799391581,1.5682976417454,6,1,0.0235527967224994
413,413,-0.837076609869627,-1.27910636853764,-0.00230296791040966,-0.85328189544699,-1.30104864142516,0.125147072318146,23,0,0.0169875873743746
414,414,1.44748856783938,0.846638425978455,0.737498951554444,1.72730584045909,0.83535923764561,1.17694216645574,16,1,0.271535265268569
415,415,-1.3603659329147,0.0150135877235712,1.08826399105874,-1.49053054564806,0.019078583759908,1.47008813756131,9,1,0.162749029453211
416,416,-0.691307037865284,0.173357167388483,1.33763508323312,-0.759762683396764,0.149367045320172,1.36116353153683,18,0,0.00581528924156463
417,417,-1.32518140122003,-0.118424440703542,0.647865988517668,-1.23845471960086,-0.10848195515761,0.810834271546398,21,0,0.0341790315968372
418,418,1.32806864141761,0.465463021705558,-0.46257548800892,1.37920698222919,0.461874311682519,-0.426842789895128,12,1,0.00390483445508258
419,419,1.42895450820997,-0.269103813091619,-1.5304774324915,1.39163693066063,-0.202062268207161,-1.04154119106901,19,0,0.24494581851099
420,420,1.47524042957489,-1.4723101426199,1.52027134218028,1.48976387273996,-1.56681581372825,1.63241572470064,2,1,0.0217186148038809
421,421,-1.69579684566054,-0.89317260353423,0.862427984921169,-1.60995249158334,-0.916474985189752,0.86188566189648,25,1,0.00791254823201495
422,422,-0.768035947407831,-0.739166038259153,0.306563046757153,-0.846561699292229,-0.720562646460711,0.312068585758712,25,1,0.00654269085511408
423,423,0.970685175063634,0.697654771477081,1.13645745865161,0.966405694232922,0.730603544042144,1.16313302762477,6,0,0.00181552154976673
424,424,-1.56768765217306,1.05907828653106,0.689687755105546,-1.52630889556264,1.0532482496366,0.687072506583829,20,1,0.00175303035364516
425,425,1.59150065816695,-1.61864295411458,0.279831695910157,1.36604418383513,-1.68671631966184,0.336980186552405,22,0,0.0587305548977489
426,426,-1.10175997573534,-1.16303596150124,0.443286844336162,-1.06703315664984,-1.1872643312069,0.488900964820963,24,1,0.00387361384999331
427,427,-0.531986058805052,1.65623579273054,-1.40174335136737,-0.450605053992264,1.55732503462107,-1.29705968271557,10,1,0.0273648764965275
428,428,-0.478378215681111,0.452486520094738,1.09975486956774,-0.467729477328762,0.453422730332384,1.02192354338405,18,1,0.00617198745361819
429,429,-1.06097979499974,-0.65753980414446,1.30951938119511,-1.122303066136,-0.626717408232378,1.36889590050271,25,1,0.00823613471769821
430,430,1.53678532523801,-0.0591506847274225,-1.15625716490756,1.42055435111761,-0.0549190490367229,-1.1499045203631,19,0,0.0135679021783043
431,431,-1.30373003847745,-1.05277020686335,0.675964391744737,-1.30893567824634,-1.04512379901266,0.667935806300779,25,1,0.000150024422653448
432,432,-0.965795194513807,0.696781364900343,-0.507228924976422,-0.985616486484773,0.761593095059507,-0.446374312660092,4,1,0.00829672782179335
433,433,-1.18450695850952,-1.09304896990841,0.604374135755858,-1.12939251628329,-1.17315767384939,0.64740771363826,24,0,0.0113068950143718
434,434,-0.499932288809871,-0.838572840127698,0.566112513326063,-0.427290136183195,-0.845614094860762,0.484281295284717,25,1,0.0120228098525835
435,435,-1.03379355930434,-1.29263530263024,0.87890301736212,-1.07810751483504,-1.2535404787307,0.902528515292898,24,1,0.00405029606298999
436,436,-0.929110071236969,0.198063138390636,-1.62695803699202,-1.08487912672929,0.175952716897424,-1.24462392225846,9,1,0.170932244676675
437,437,-0.66303651082258,0.424567264156208,1.38550602573536,-0.752947653245031,0.420650002269872,1.35928134291049,18,1,0.00878709246166127
438,438,-1.30755379435335,1.61845861155276,-1.68899910826649,-1.2142678253582,1.62910406909782,-1.55345921500846,10,1,0.027186660442106
439,439,0.0257001721064139,-0.73925445669068,-0.922187752238777,0.123856534054633,-0.867037708793787,-0.913397589650755,11,0,0.0260404978672798
440,440,0.166634306440858,1.40128665004934,-0.940912309348983,0.0613621550395145,1.36275329526505,-1.05182902328261,7,1,0.024869562721433
441,441,0.589581265236055,-1.24721613353461,-1.07159595017712,0.640222132741278,-1.27137380952539,-1.21002983612356,22,1,0.0223120315491911
442,442,-0.940413403179019,1.72153095953129,0.0193372549169824,-1.02205812939396,1.7728296195587,0.0389131025918938,10,1,0.00968062765151227
443,443,-1.34136028576656,-1.47069221120441,-0.481439657274083,-1.34190772117013,-1.52126113349857,-0.50822140289523,23,1,0.00327477748603038
444,444,-0.867766509156825,-0.533854443170461,-0.858336710610805,-0.853367197310547,-0.531690872782708,-0.892712394436317,15,1,0.00139370885694071
445,445,-0.640353046796736,0.355220802370599,-0.36818296889778,-0.633343439272684,0.329725759649078,-0.160793001296979,4,1,0.0437097304624747
446,446,0.664089896454368,-0.702121849680794,0.9014652342348,0.610381334176775,-0.644125240884557,0.781634737346782,2,1,0.0206075642782191
447,447,0.0508713278444059,1.29927195853019,1.55495803013152,0.168926346527426,1.09453199142586,1.64440929686571,6,1,0.0638569706864792
448,448,-0.822895012837979,1.30427473614946,1.11826118474882,-0.861595169233176,1.23081610540787,1.2220399754386,1,1,0.0176639099324765
449,449,-1.69175106273259,0.386165726673935,-0.58239935069605,-1.62423277561525,0.360248561766857,-0.559057628000361,4,1,0.00577525455048188
450,450,-0.758839757656809,-0.225692886750712,0.0926074811838222,-0.945734950113847,-0.171567060586167,0.0483592509504616,21,1,0.0398173239003322
451,451,0.454252665283152,0.239081716061903,1.72980594739782,0.587162448766633,0.250606862998224,1.73246700632007,18,1,0.0178049207921172
452,452,-1.30980395305586,0.662116601949252,0.482612781810135,-1.36306050253956,0.640332882232856,0.436453282533021,20,1,0.00544148988110676
453,453,-0.252962721708975,-0.85253760382432,-1.11139033521622,-0.257497151104746,-0.889731464319977,-1.10504677051089,23,0,0.00144418512168632
454,454,1.05645212646587,1.63184690906076,-1.02661701702377,0.737429080934016,1.32719585444848,-1.05946482779224,13,1,0.195666947329076
455,455,1.34200443156365,1.33097103297487,1.32712154356219,1.44832179126131,1.25801606423251,1.23689192631325,7,1,0.0247671922661709
456,456,0.415634155112343,-0.670702436964969,0.285184620746431,0.409310916034024,-0.666893162719783,0.2558737612403,5,1,0.000913620407704783
457,457,-1.65402113484494,-1.70265462819318,1.10656470449647,-1.55221099244704,-1.66008667461153,1.02281724485173,24,1,0.0191909727641583
458,458,-0.75557013686855,-0.29384886644707,0.890988287575897,-0.968693570586447,-0.269293017266772,1.14709517344178,21,0,0.111615324716593
459,459,0.0120100756922896,0.731809190483025,0.0503957045959701,0.0837697359841991,0.819576452622028,0.250409534374974,6,1,0.052858073251451
460,460,-0.21324328464728,1.74209085409467,-1.09702750062213,-0.451444877109941,1.79558242157576,-1.25870022163653,17,1,0.0857394151635354
461,461,-0.206591018140323,-0.925222103214652,-0.281579995217154,-0.358325878890982,-0.944460106218447,0.06432288305969,3,1,0.143042369926801
462,462,0.0496527542800588,-1.32209938023601,0.684356761643141,0.0869009368774005,-1.33615206051816,0.561892759903817,3,1,0.0165823366519262
463,463,-0.433734070490598,1.77617764185553,0.375053906390434,-0.38280888959154,1.55490446061124,0.393446451074688,8,1,0.0518934804875358
464,464,-0.6621612943315,1.08482668607833,1.71767903787104,-0.820873526432883,1.12572426036352,1.45991716335993,1,0,0.0933033681524995
465,465,1.36213879458858,-0.450105745124244,1.6563817144758,1.36318156711607,-0.30154890655668,1.53557802283812,2,1,0.0366637535730257
466,466,-1.67387141772356,-1.63788282884873,-1.24757691349772,-1.6049939250782,-1.54311525261635,-1.13232903054829,13,1,0.0270070770223973
467,467,1.15705461349426,1.26399738754715,1.06632743731951,1.37776765908847,1.24324125187185,1.26263811069697,7,1,0.0876829461455546
468,468,-1.52543808686304,-0.45101488903508,-0.483946342939299,-1.51114740519016,-0.465949529482342,-0.615029390657008,15,1,0.0176100324669276
469,469,0.877045097105149,-1.54712344926438,0.750166447294194,0.833660253528025,-1.56324779471274,0.814252505500316,3,1,0.00624926202474769
470,470,-0.969519661927234,0.379556254382108,-1.48584897129312,-1.06843850928172,0.349476742205153,-1.44852899143983,4,1,0.0120824963109927
471,471,-1.11224646093282,-0.468910040441313,-0.813809372527492,-1.00083999190184,-0.477058096281174,-0.974818329813008,15,1,0.0384016764820878
472,472,-0.960605991581946,1.3695113907239,1.72619747733361,-0.955340914825477,1.32891809242802,1.6809788776927,1,1,0.00372025865327593
473,473,0.577038980359626,-1.49166144904487,-1.5557032932331,0.489899375381543,-1.487408022086,-1.25086522117055,22,1,0.100537652575443
474,474,0.131276805672196,0.389521712729734,0.581545373852395,0.142475214372686,0.369754169338903,0.491343025079953,6,0,0.00865262385319687
475,475,1.57277149426037,-0.573706292722743,1.5048746837324,1.43255859487767,-0.407340218348789,1.36397402223955,2,1,0.0671903242650242
476,476,-1.70906614690695,-0.0138937884624913,1.63416753110989,-1.69407002986092,-0.036854031538597,1.52631898735594,9,1,0.0123833646784194
477,477,-0.294544030580662,0.469431459501057,-1.28143332530835,-0.257714453449488,0.434359003151514,-1.07603914300794,10,1,0.0447732650689041
478,478,-1.54951370221605,-1.54946617226933,-0.324521164277382,-1.43827079033386,-1.53746352061462,-0.449749569913159,23,1,0.0282012026688511
479,479,0.71082016651317,0.738081247260434,-0.237203065571181,0.716139161142495,0.688250089017899,-0.0294025763207552,16,1,0.0456924793683757
480,480,0.276462444149511,-0.968248289308379,-0.0559447839687845,0.272022082931435,-0.964759240310062,-0.028257211593648,3,1,0.000798491934688071
481,481,-1.13534338854754,1.24270091305811,-1.0575289073323,-1.15142062153978,1.15960993076825,-1.05688621377097,4,1,0.00716300181359352
482,482,0.405015332770767,-1.40593177271138,0.504551454735154,0.468549413871107,-1.38488574921584,0.455531095220718,3,0,0.00688251021316383
483,483,-0.997221802369941,-0.311169746217906,1.54574831259179,-1.1324862871511,-0.324717874311529,1.41559457302991,21,1,0.0354200285398929
484,484,1.24050269263935,-1.020620679683,-0.287960088263005,1.09852061627625,-0.917265998097293,-0.28228406643477,3,1,0.0308733174378561
485,485,0.372192236679601,-1.45855097940549,0.340544624098046,0.359010543147723,-1.48475437630692,0.317072067141168,22,1,0.00141133598363604
486,486,0.0523740264263507,1.37547631051758,0.668331007990756,0.0752159881894483,1.5335494634895,0.67153641370393,8,1,0.0255191515334583
487,487,0.198589381054985,1.42379920843535,0.592787652810845,0.263087325504481,1.48139886113466,0.52866522824167,8,1,0.0115893901619201
488,488,-1.29663156599533,-0.43681750860577,0.928216397269881,-1.34778567083746,-0.443379198889079,0.952967506125104,21,1,0.00327241561113738
489,489,0.286413866509143,-1.51846480618443,0.245633800359132,0.239687228126306,-1.50465340704629,0.249657229548214,22,1,0.00239032146315307
490,490,-1.0053171276597,0.90979432692262,0.413321141974889,-1.1537155583733,0.95878694935954,0.505963022538886,20,1,0.0330048893259392
491,491,-0.505448761481543,1.19888584023672,-1.30100787464275,-0.574467949241731,1.25837007410731,-1.41349137608688,10,1,0.0209545604553787
492,492,-0.663183376510492,-1.36184215221875,1.06540449851807,-0.756456470094277,-1.29908276410154,1.13534352955536,24,1,0.0175300788459722
493,493,-1.17623071412347,-0.874015978014662,1.23292239486,-1.24668638985619,-0.878986064406456,1.36382512460353,25,1,0.0221242286560018
494,494,-1.01141712611493,-1.50891278275399,0.0655382382987003,-1.07011479460381,-1.56129676278157,0.0312676293887963,23,1,0.00736397228461638
495,495,-1.64926159989095,-0.793105621348148,-0.716640074998109,-1.5134097366128,-0.846673394889254,-0.838286447656722,23,1,0.0361230750992957
496,496,0.76941265020393,1.42008587661823,1.45883839252372,0.719524903364727,1.48777279043612,1.40850695803584,8,1,0.00960355888449008
497,497,0.671909485707109,-0.753853548710166,-0.920906879537648,0.824373494187926,-0.809215340124917,-1.00722024895253,14,0,0.0337601995704393
498,498,0.817224332043679,-1.36929157892535,-1.0168468652474,0.951942042917533,-1.36512463804743,-1.23785992020135,22,1,0.0670129954794495
499,499,-1.13043444194758,-1.52107600933462,-1.06210748884999,-1.27949600153096,-1.49198067802311,-0.854690679203137,23,1,0.0660876197736377
500,500,-0.892993748156378,1.52503670503424,1.28829862684188,-0.8972660493981,1.57783573349745,1.32196858810379,1,1,0.00393965625593772
501,501,-1.26882795790612,-0.4995628074582,-0.0374981203654279,-1.49572475889411,-0.489184504678479,0.167709082558243,15,0,0.0936998635989259
502,502,0.882552950587008,1.6759061604038,-0.887803995461326,0.867814835638314,1.5143313281323,-1.03340793782596,13,1,0.0475241464879295
503,503,1.56169430777456,-1.27971693698032,-1.49134269411621,1.5881927375535,-1.32083977842232,-1.50538777236101,14,1,0.00259051909191546
504,504,0.277498551533477,0.648883430199132,-1.52200136860016,0.256059536539802,0.614949100803332,-1.47012941777265,12,1,0.00430186935809353
505,505,0.151424405728108,-0.537358776296817,-0.58584596937123,0.190400443391684,-0.577185733006304,-0.53043520812986,11,1,0.00617567045403985
506,506,-1.42959731787451,-1.31623949956114,1.66477629314894,-1.35270065685006,-1.3315007425383,1.50510846793742,24,1,0.0316398164216935
507,507,-1.43684525077575,0.986661103030179,1.73637211179689,-1.30352867307584,0.963525827393406,1.75928716571814,18,1,0.0188336505646189
508,508,-1.56027329750452,-0.18567587047303,0.024717800839613,-1.52737198376939,-0.168420947065968,0.00671057606457943,21,1,0.00170448897137996
509,509,-0.509857172726986,0.046865061479389,-0.51969398064815,-0.425950589502871,0.0456426612573265,-0.410401306910943,11,0,0.018986697503276
510,510,0.927609913609986,-0.509341736660991,0.48730275659383,1.08903644261027,-0.605616081765544,0.405784035006973,2,1,0.0419725757595456
511,511,-0.349815346123891,1.60474015395185,0.056413454337121,-0.281153137622927,1.51137456143408,0.112226917694092,8,1,0.0165467754343243
512,512,0.14256223396895,-0.396317237522525,0.580089035500303,0.15708539724834,-0.375722945516136,0.627787530212081,5,1,0.00291019353265384
513,513,-0.12882071810697,0.580500375312494,-0.381269648055953,0.16102021493433,0.480822182246416,-0.496737186006387,4,1,0.107276260959505
514,514,-1.74295157862741,-0.943252424522168,1.00811554091993,-1.65018108742972,-0.960980252009444,0.997100666041332,25,1,0.0090419673730691
515,515,1.69522212720535,0.742648410003064,0.268389785089905,1.65345913927307,0.780817749520333,0.576318929712164,16,1,0.0980214037480123
516,516,-1.51790240022236,-0.77831136774912,-1.50377525832073,-1.48419436067336,-0.809860947827547,-1.48309127855141,23,1,0.00255943495245986
517,517,-0.0438034216167178,0.527216047601107,0.705581218463161,-0.0792886779733673,0.520873361834803,0.683881273806736,6,1,0.00177032067951911
518,518,-0.826163429905071,1.20943432873292,-1.62528789543583,-0.970130527553125,1.33627901036921,-1.64998607780249,10,1,0.0374260986768349
519,519,-0.376048714582857,-0.0861332564910352,1.65254905377649,-0.354604367195426,0.0854552282758001,1.66803718762631,18,1,0.0301423504296011
520,520,-0.574552064266233,-1.40427562967197,-0.966132669329325,-0.638980852363298,-1.46891710079122,-0.988101259057648,23,0,0.00881220745876966
521,521,-1.33465816725478,1.47387315298497,0.365435243005417,-0.952161786567034,1.20481821905363,0.464376003356246,20,0,0.228483312770823
522,522,-0.458738697160384,-0.0826572555591015,0.986325852782457,-0.362610921343267,-0.1059488786224,0.954099408419795,21,1,0.0108215927047283
523,523,-0.867930993654879,-0.222468491149855,-0.572160132376374,-0.853273752685602,-0.255270658530707,-0.703129288831696,21,1,0.0184437368403314
524,524,0.0286409955800261,1.79422653018658,-0.656615733961234,-0.0536930224791283,1.75185414823712,-0.791498412460293,17,1,0.0267676462409169
525,525,-1.06061351454931,0.54444802235635,-1.18469166350717,-1.23284529983548,0.5813529920755,-1.16073427448178,4,0,0.0315997211417462
526,526,1.67446298802352,-0.892602750554937,1.78564498284126,1.0455144090401,-0.881850090376814,1.37015693894873,3,0,0.568322249323804
527,527,0.130177027876558,1.75794321330759,-1.1717285454227,0.138595201436803,1.80035250769976,-1.07751288884439,17,1,0.0107460038414126
528,528,-0.239338570485907,-0.175063007102042,0.595055310282679,-0.269665002210313,-0.106361808880853,0.708493643581771,5,1,0.0185078025598379
529,529,0.0545380673658914,0.410235637744345,1.60574154834677,0.140772949187816,0.352938927291621,1.62007223774719,18,1,0.0109247365302359
530,530,0.769968529419161,0.0755678320211022,-0.41098736332929,0.86751520318963,0.0578726505015032,-0.535488670226702,19,1,0.0253290484318574
531,531,0.577171073638016,0.395821849544641,0.684174839072539,0.636022233449142,0.302032990218016,0.645380553483259,6,1,0.0137648057392868
532,532,-1.40774716445536,0.624082291627774,0.12004819730164,-1.38694910402709,0.603779187746518,0.0166317868574848,20,1,0.0115397292939451
533,533,0.624424156672085,-0.475080188391741,0.890016200278932,0.692940483957416,-0.486523451560424,0.860817998772354,2,1,0.00567797034783698
534,534,0.987850884659609,0.775508935001111,-1.30884257127293,1.12904256264418,0.747340950263939,-1.61687769393417,16,1,0.11561416208918
535,535,-1.21463638610235,0.476431128873506,1.5465700256581,-1.32505402383072,0.490720754776841,1.52772926434084,18,1,0.0127512224169853
536,536,0.252100161722695,-0.939444971193082,1.45007129975723,0.280366462248369,-0.952533547280676,1.49916279121961,3,1,0.0033802691034096
537,537,1.29642686401331,0.900106140723003,-1.29883707748106,1.43073911826284,0.867972439752887,-1.26400766805601,16,1,0.0202854441405255
538,538,-1.28044288389985,0.00700959111127227,-1.70481552187315,-1.41328177309093,0.00094608007428304,-1.54952646258523,9,1,0.0417976285821442
539,539,-0.329822630060584,-1.61350729373613,1.68980633851782,-0.33622376158606,-1.65254807410017,1.68059807155488,24,1,0.00164994919670042
540,540,-0.792370083829339,0.463086572711984,1.49206135510709,-0.920302473064163,0.471448420125213,1.48995452668293,18,0,0.0164410554335014
541,541,-0.993925317334571,-1.09613448811321,-0.298893767510743,-1.08424847455275,-1.08161965394229,-0.0387001151281519,23,1,0.0760696898810614
542,542,-0.520257093399507,-0.071976957940634,-1.00421747412952,-0.538651045130909,-0.0170002768805616,-1.20926604348874,9,1,0.0454056887169378
543,543,0.347122341789981,0.673030434309211,1.7375013771977,0.404384586729322,0.724147782005191,1.8337096744083,6,1,0.0151479843831288
544,544,0.784844103893784,-1.0394933804457,-0.210767078075416,0.809379979192526,-0.95781687372944,-0.186282729598034,3,1,0.00787254424640931
545,545,-1.18691292204157,-1.49401677989603,0.692412340633005,-1.25314575633765,-1.52528730123009,0.785678246970336,24,1,0.0140631631283205
546,546,0.266217709863082,-0.886778948020006,-1.23332780148221,0.179559679858179,-0.915262413017331,-1.29401228513418,11,1,0.012003528498691
547,547,0.904140337723297,0.828268021809056,0.79907797354338,0.892151689168279,0.908402031924363,0.812693265231152,6,1,0.00675056343907894
548,548,-0.439404098574463,1.26008713693192,-0.804202039700751,-0.447742587170778,1.2288066678982,-0.8408423325328,10,1,0.00239050919385877
549,549,1.38256987390567,-1.55833656431388,-1.16583873358245,1.36291989920142,-1.5798261744365,-1.27475024355978,22,1,0.0127096418546412
550,550,-1.49776192299624,-0.541846550977772,0.0118169438145083,-1.55517523399947,-0.541155588526155,0.0434673580868181,15,1,0.00429851443307186
551,551,0.309885996157596,-0.918649453713685,0.110143360762315,0.362367026071144,-0.981074384508461,0.0346923577777257,3,1,0.0123439843368999
552,552,-1.62636389105574,-1.04163979140514,1.44269348720265,-1.61068774022699,-1.01313224634311,1.33613917838914,25,1,0.0124122425569943
553,553,-0.93432011395733,-0.313083698042729,-0.566335834488672,-0.843441229387226,-0.346600369497852,-0.642843574369332,21,1,0.0152357731877836
554,554,1.46883734505502,1.81819287765019,0.0923018900327902,1.26731467704931,1.71724290632052,0.0489352926918079,17,0,0.0526829441965385
555,555,0.557736312574903,-1.4946589211436,-1.23539460379591,0.629691873044331,-1.49840847620058,-1.27378043187003,22,1,0.00666513364253066
556,556,0.518531793092103,-1.45046643835562,0.754935591014622,0.604262326714753,-1.49584997091133,0.74390548532528,3,1,0.00953105265397757
557,557,-1.01707277392534,1.62270244410917,1.31930359843594,-1.05021606099456,1.70139497591604,1.24586763394262,1,0,0.0126838329209905
558,558,0.100268807946979,0.525537960999349,-1.62669877147028,0.0244570012514636,0.565922095886034,-1.64502153016467,12,1,0.00771403187115691
559,559,-0.870718187581121,0.267519513015597,1.65418950718502,-1.00196214681552,0.219557705833576,1.67070712987262,18,1,0.0197981436429368
560,560,-0.200799646378763,1.02783880551054,0.308464381546214,-0.259810267794796,1.04004534335894,0.279946506770075,6,1,0.00444452218789838
561,561,1.12020588363594,-1.26735585783296,-1.11215463317067,1.07234635133044,-1.283480410235,-1.10292606566927,14,1,0.00263570248079567
562,562,-0.710359899366682,0.297620560682008,0.206664267257215,-0.623687667271806,0.234246898647715,0.300983160344876,20,1,0.0204243504492266
563,563,-0.592027543798346,-0.510794253134111,1.28977047711267,-0.568892364396099,-0.612989201204156,1.2581409970697,25,0,0.0119794679448021
564,564,-0.718506200394479,1.02987005167468,0.552573307372826,-0.821109703674178,1.06457741043638,0.645294657860742,20,1,0.0203293284737832
565,565,-1.54424130986072,-0.595021056468702,-0.873147434550367,-1.42982256250698,-0.604474066314966,-0.980692498701032,15,1,0.0247469499643226
566,566,-1.68530743407449,1.37614734146276,-0.500396430560031,-1.47251398338102,1.21607033500864,-0.439626655230867,20,1,0.0745986662469072
567,567,0.0784006474834724,1.78463460489283,-1.03103630125184,0.0418339934032286,1.80921643875919,-1.04695952286812,17,1,0.00219493573349874
568,568,-1.25623504455643,-1.07697648755041,0.0907096159302885,-1.18935418760149,-1.06716207179622,-0.0241983958211698,23,1,0.0177732229482968
569,569,-0.0104041547319477,-1.28399525002615,-1.48080624247968,0.330072007379234,-1.3307460931602,-1.69794141873139,23,1,0.165257343065565
570,570,-0.741955443733355,-0.564029294016668,-0.436454140147687,-0.70909201652657,-0.543229651465824,-0.316627564328643,21,1,0.0158710382505356
571,571,-0.218546185578953,-0.888672788360137,0.432091785267573,-0.0921725919116296,-0.905812356224642,0.343013675426849,25,1,0.024198959615772
572,572,1.5183131548251,-1.42346965715533,1.64161235456685,1.56508391483635,-1.57146418168393,1.64371076843163,2,1,0.0240942866232267
573,573,1.30924718506818,0.5277812356773,1.56397006559069,1.38272208502187,0.458519569080181,1.53658422280629,8,1,0.0109457237680277
574,574,-0.968046787146712,-0.442501763952809,-1.10955270305411,-0.849271349493917,-0.456135427692366,-1.20243536466589,15,1,0.0229206702046649
575,575,0.166644137155542,-0.855528754270154,-0.703229645824086,0.182605155508096,-0.816407262342471,-0.725540018115683,11,1,0.00228299794928799
576,576,-1.5252415818212,-1.08037793671168,-1.70503581131691,-1.51014189209602,-1.07635458858512,-1.30200339109689,23,1,0.162679319708353
577,577,-1.4478216856048,-1.22608053713328,-1.18346212852962,-1.38956825529068,-1.23287184236965,-1.11165335794485,23,0,0.00859608350307195
578,578,-0.509800192039594,0.524663256208446,0.209588028557298,-0.520161126925017,0.480164260868441,0.316412160560035,20,1,0.013498904736108
579,579,0.779488742569603,0.45768410469788,-0.127724101952781,0.795914568589327,0.4392354256943,-0.0873925739761867,12,1,0.00223679366633419
580,580,-1.51530382569621,1.02902896846369,-0.641915315189207,-1.61864904656256,1.12104854042507,-0.633180727002292,20,1,0.0192241293306643
581,581,0.530521507523315,1.74056335836609,-1.33654637103045,0.380522485247674,1.54653292476136,-1.51077698196277,13,1,0.0905038216343405
582,582,0.431488210527128,1.7173865319624,-1.60753450204201,0.250665387726955,1.56761587721537,-1.56875876445479,13,1,0.0566317000942097
583,583,0.40570016622491,0.837410380856328,-1.57610839073273,0.469043019765418,0.809538842978447,-1.52592823598422,7,1,0.00730718764891765
584,584,-1.41050797211129,-1.0738825673981,1.11073937018095,-1.45772040533749,-1.05850526511952,1.0916185385915,25,1,0.00283108147717755
585,585,-1.44012552556935,-0.793663465353919,-1.47296838743195,-1.46145292359597,-0.805943394544307,-1.47953812623415,23,1,0.000648816035436002
586,586,0.751261422678735,-0.00814063123587354,1.13145147596585,0.732612138568974,0.0341444993327511,1.15793112704333,19,1,0.00283699998619744
587,587,0.105490774725318,0.025419491328924,-1.21751802560196,0.163544930327836,-0.0121661473077472,-1.26761092244127,11,1,0.00729226352820216
588,588,-1.14548484863026,1.77966082925981,-0.191298900139392,-1.09250395762435,1.83181404639652,0.0337857316187669,10,1,0.0561900243231946
589,589,1.28539161267577,-0.0676861985866094,-0.841787601143008,1.33678182923789,-0.0862305377186364,-1.03141497643299,19,1,0.0389433883315119
590,590,0.624309153502969,-1.13190612737332,-0.699252470011162,0.625136325191497,-1.13498018224039,-0.743324787299023,22,1,0.00195250317744995
591,591,-0.782384338833582,-1.17622315992212,-0.92243602438245,-0.865664355600208,-1.19449834739341,-0.939568349539493,23,1,0.007563060235047
592,592,-1.28028817353964,1.64308976089754,1.30264024840256,-1.27247075063388,1.74512945740484,1.23581191490331,1,0,0.0149392379224764
593,593,-1.03180286786931,0.865213398362661,0.0207896138910026,-1.16460572284642,0.937320618579548,-0.0332420238429427,20,1,0.0257554673736893
594,594,-1.66028692686938,0.138388439114969,1.60128566296222,-1.4166649042531,0.0619241446867565,1.58125277192269,18,1,0.0655997949494539
595,595,-1.27719155108926,-0.869050998324352,0.270947792189798,-1.38028903564973,-0.850746632315688,0.40737241037791,25,1,0.0295758175854486
596,596,1.45050985724415,-1.57803394429767,1.44284633897487,1.34238366163762,-1.55031212995841,1.66170900025225,2,1,0.0603606376680185
597,597,1.35693520357956,0.523771591894405,-1.68782610065579,1.40081583086482,0.536686573214559,-1.56497811558073,12,1,0.0171839336304518
598,598,1.46503761092747,-1.10831331099361,-1.64328124711918,1.62401753655426,-1.12532729573128,-1.6466952625599,14,1,0.0255757479303832
599,599,0.578640596728158,1.70747231268979,0.535154958717548,0.695602119966092,1.71931119606411,0.80041475800731,17,1,0.0841829181969335
600,600,1.49708427565119,-1.66050754978666,-0.84198521318131,1.43270526869012,-1.65488414597691,-0.804333539199247,22,1,0.00559392776135298
601,601,0.38108487994752,-0.158233894402941,0.102238017547459,0.41204242780727,-0.147900373751602,0.0193649750368877,5,1,0.00793309259349935
602,602,1.53300600364622,-0.956998625294684,-1.13003317091919,1.30613996552786,-0.89655716042555,-1.1477592174585,14,1,0.0554355826529626
603,603,0.483338841202045,0.0837026626175706,0.702277350813811,0.423552020621568,0.0689562437206612,0.901264694531922,19,1,0.0433878837453947
604,604,-0.975301446839824,0.858299166848095,-1.61988396516952,-1.00568206910598,0.905808738368904,-1.59502362811926,4,1,0.00379817795362263
605,605,-0.345378488430581,-1.06775828245826,-1.23044438615653,-0.221023091201952,-1.09538280385061,-1.4650626520729,23,1,0.0712731097036508
606,606,-0.682340074082207,-1.24673305602689,-1.35429753936065,-0.739664031813513,-1.22398225742111,-1.51341682397159,23,1,0.0291225817022809
607,607,-0.178084721724821,-0.236726747776636,0.667695174068658,-0.214628881596994,-0.161909131783087,0.737404651252146,5,1,0.0117925624929163
608,608,-0.478849348634157,-0.744437975665386,0.500761234762682,-0.432365098562286,-0.747700075187691,0.451507984697499,25,1,0.00459730944002124
609,609,-0.340779030833457,1.14712338003256,-0.0528535206605516,-0.324530384773615,1.16261752927059,-0.136474656047531,20,1,0.00749658144279604
610,610,0.415268134135032,-0.227970943324415,-0.083410840727072,0.432427984036893,-0.224889819673418,-0.142927031508045,5,1,0.00384613073668437
611,611,0.0455458098309049,-1.08008855512138,-1.1815147857448,0.0351845860354706,-0.953418731936615,-1.28569269239809,11,1,0.0270056352988597
612,612,0.694935735184984,-0.2588428150088,1.14601766769299,0.824517376982783,-0.2836798303213,1.29157242477261,2,1,0.0385944665291532
613,613,-0.840044127859813,0.206664742973689,-1.02296491877198,-0.809049433191201,0.229234471982717,-0.946774334117535,9,1,0.00727506895512783
614,614,-1.29540948661747,1.25044132294547,1.57050078208735,-1.29479197635001,1.18977034055055,1.60638610806794,1,1,0.00496910604442853
615,615,-0.0672373345813157,1.03306308919803,-0.547977458347815,-0.0325273782349695,1.15005241930975,-0.628372652275556,10,1,0.0213546716362336
616,616,-1.07037613021998,-1.35144256041641,-1.32809263433324,-1.19483985793811,-1.32355255943332,-1.2119324467211,23,1,0.0297622608584168
617,617,-0.251068464532093,1.23322162902043,0.133425877643841,-0.165630017401608,1.16139413137768,-0.00481400808791838,20,1,0.0315691836728181
618,618,0.619419682994436,0.173931655721237,-1.1727448831432,0.659527905882525,0.19715192081638,-1.15938193865164,12,0,0.00232641853981395
619,619,1.38677050570957,0.453830548021133,-1.21037800817109,1.47000637445369,0.46458923631024,-1.31910552570709,12,1,0.0188656322888315
620,620,0.852394385918606,1.80160177153804,0.394681870283062,1.01990775669717,1.73428961034221,0.51583044619057,17,1,0.0472686338788679
621,621,-0.06738894492057,-1.21477560938366,-1.4895504672606,0.238253378773688,-1.25803698395684,-1.7463668964715,23,1,0.161243454875825
622,622,1.42503349283435,-0.451682141566355,0.73728970761323,1.45572479078734,-0.469585817348949,0.62741603119534,2,1,0.0133347221461512
623,623,1.66180252387091,-0.328457008348789,-0.830321838487672,1.61397406441112,-0.351165687258958,-0.91457381315836,19,1,0.00990164086805229
624,624,1.09861031626813,-1.06044932488832,-1.10029238567793,1.03851381453316,-1.04962614362549,-1.11632086950169,14,1,0.00398564306711693
625,625,0.375209392072783,0.193974902416359,1.02507916866542,0.555780997487102,0.215591451819266,1.18484481783464,18,0,0.0585984425444556
626,626,-0.406235091648268,0.9807521876834,0.0745178246417908,-0.380204132791116,1.03982603671166,0.0157259070367716,20,1,0.00762382003371196
627,627,1.32720050288502,-0.529279697990317,-0.247370738158945,1.23332049342864,-0.494174126167896,-0.227690613506111,19,1,0.0104331646548618
628,628,0.59372842216607,-0.646959723143613,1.42428034615382,0.612238113659207,-0.539934235226224,1.35143119173059,2,1,0.0171040630433065
629,629,-1.16500752035706,0.185061137410841,-0.418992368544949,-1.24411681696698,0.132483315025498,-0.302822440617593,4,1,0.0225181603715473
630,630,-1.16315925235209,-1.12150588153896,0.414353942885805,-1.12053796911071,-1.18424353887961,0.51449824785469,24,1,0.0157814692514362
631,631,-0.365322663511143,0.342836434167309,-1.07101900225448,-0.297987693296915,0.209955975849157,-1.04903224935532,10,1,0.022674631719642
632,632,1.15763197630348,-1.28234222939866,0.503131943955241,1.18154160077514,-1.29669506589514,0.454589268492222,3,1,0.00313406539897831
633,633,-1.08190236908158,0.886493809667629,-1.57659854814271,-1.10460561572928,0.952588671005145,-1.5917983372344,4,1,0.00511500169200353
634,634,-0.172267837707671,0.222682174353167,1.19634166628875,-0.0829408408127116,0.227286050832166,1.238707642814,18,1,0.00979538401984363
635,635,0.945052490779896,0.673276769954564,1.66281297584068,0.937337485556929,0.740015480404835,1.68716369661043,6,1,0.00510653438016194
636,636,0.278751947170931,1.78441819515246,-0.540467647069759,0.376017344914563,1.71225842122397,-0.5624061714788,17,1,0.0151488894248841
637,637,-0.0297049359715034,0.651645320751334,-1.61817196277131,-0.187037586000206,0.627425550253193,-1.57539463833049,12,1,0.0271700595343514
638,638,-0.895481865170333,0.283826991837259,0.908255996491466,-0.955308047546728,0.282791542848597,0.96712667780442,18,1,0.0070460013705932
639,639,-0.25860298842104,-0.420772818668775,0.0283206479758135,-0.303274648561584,-0.471799973418643,-0.0174113633096556,5,1,0.00669074459779346
640,640,-0.127449699207163,1.61353672311685,-0.128185413351179,-0.026602672013964,1.51264714344792,-0.248453209941173,10,1,0.0348131730760923
641,641,0.708268096203315,-0.2013200170156,-0.505064477227636,0.795167397002378,-0.258127955167936,-0.688942878791353,19,1,0.0445898968781135
642,642,-0.0346940363545099,-0.335371365941817,1.02526693406416,-0.150732599432897,-0.421305656681549,1.18844726133239,2,1,0.0474774696536059
643,643,0.215410541562081,0.223050567739737,-0.680124967886136,0.189881306811541,0.277614530432618,-0.623282665395995,11,1,0.00686001520407901
644,644,-0.712073352551893,1.59413523155401,-0.403568364293107,-0.796678649139834,1.63559135300548,-0.252981211216253,10,0,0.0315531568883246
645,645,0.485433708168467,0.394609965636436,1.33269845868011,0.480311523483194,0.383243338528449,1.35090921851558,6,1,0.000487068761547226
646,646,1.69962836121769,-1.66389171437875,1.10048745303547,1.09082015138511,-1.33058331938106,1.47250728072547,2,0,0.620140674729997
647,647,1.12511014021048,0.752158112439713,-0.499840558844056,0.907052514933714,0.725214966796428,-0.762208388454133,16,1,0.1171119390528
648,648,0.19034597074874,-1.08149710961072,0.231892551787012,0.17973747209044,-1.05744252371014,0.118458059024715,3,1,0.0135585474948711
649,649,0.216989759352465,-0.730478944598841,-1.39941673133825,0.200030027873538,-0.829751278149956,-1.4277125905345,11,1,0.0109432843481758
650,650,-1.69441744363293,-1.49582723115329,0.0186754125095477,-1.4352922008606,-1.51865775129477,-0.277781406177847,23,1,0.155553769437999
651,651,1.0536033593731,-0.524709499514715,0.300409688672466,1.22632048678377,-0.639798904188248,0.28933484615705,2,1,0.0431994293058426
652,652,-1.6507741077274,-0.480382028063246,0.668662656493823,-1.54129986159846,-0.48970751500532,0.538002702043372,15,1,0.0291435989692014
653,653,0.204706764209269,-0.184561193059162,1.52333015148577,0.109817740338226,-0.264745382505133,1.60612217173001,2,1,0.0222879497044302
654,654,1.17621861338094,0.900586137188309,-1.62435590815089,1.55757819227407,0.853028946499932,-1.19388086219402,16,1,0.33300557999129
655,655,-1.5569598452682,-0.96437568690394,1.29138756898198,-1.56016313944915,-0.968799564848727,1.30430623222422,25,1,0.000196723649646655
656,656,-0.177975132374567,1.28346111459089,-1.29141769891353,-0.112301058400734,1.26256063825944,-1.34684765561817,10,1,0.00782239400348005
657,657,-1.32883575431415,-0.872356686953648,-0.194013678120648,-1.2873298944719,-0.86552978153726,-0.28894995044443,23,1,0.0107822388415441
658,658,-1.07546287053323,-0.923974054487564,-0.427521185665197,-1.19504476873552,-0.860630817974016,-0.254400560358071,23,1,0.0482829468964038
659,659,-1.38229412141157,-0.484613353242211,1.33218941754931,-1.39029617145678,-0.472611289605328,1.11529202089547,21,1,0.047252563011685
660,660,-0.208780760575248,-1.22446359464573,0.29909820587198,-0.0965036681097757,-1.18523980934635,0.0963849511666979,24,1,0.0552373144589201
661,661,-1.70261809745118,1.1659689818058,-0.506641143306934,-1.63884424481675,1.17139252161823,-0.551688688749966,20,0,0.00612580041437675
662,662,-1.37022369328163,-1.12653031904404,0.550043390479585,-1.25191954118224,-1.21256548817708,0.664002739875949,24,0,0.0343846560465499
663,663,1.44294074929503,1.76641496101456,1.1256582410089,1.23010697008588,1.79023343834625,0.84330900192982,17,1,0.125586630243389
664,664,0.267657428661058,-1.01770004058712,-1.6760168930766,0.13862605211076,-0.82881111623846,-1.42538975326944,11,1,0.115142085083975
665,665,0.0360771635489927,-0.121044709683154,-0.785863117392196,0.0599290597706339,-0.101077208815391,-0.725093943652442,11,1,0.00466050652128448
666,666,0.098192798628529,-0.487622920993402,1.48440484437404,-0.000970406103300403,-0.408326633165057,1.47585598175577,2,1,0.0161943254881085
667,667,1.00605806083249,0.592903903502083,0.58783268369957,1.03997197735879,0.565593116108043,0.608338829181185,6,1,0.00231653484474849
668,668,0.396789151089521,0.646669064918563,-0.812901893520274,0.140989960294156,0.706747007402883,-1.00725516539173,16,1,0.106815779471852
669,669,-1.51259782539643,-0.00606928424085747,-1.56517288061273,-1.4645909954373,-0.0144634307766132,-1.60813696404014,9,1,0.00422102988354545
670,670,1.67203766545559,1.12900465014339,0.00822810024494121,1.37510259994875,1.19041161952725,-0.0272921344754924,16,1,0.0932029360910578
671,671,-1.53254854973462,-1.58944399784503,0.288001637632343,-1.33232685024266,-1.55576437492046,-0.174817670359226,23,0,0.255424757797582
672,672,1.13623818537878,0.982247267457361,-0.136447773400699,1.15941481557755,1.03904156725932,0.0602279886683489,16,1,0.0424441040628059
673,673,0.847710806355527,1.63223345183595,0.847152836774574,0.835367941497814,1.71584047032312,0.884331538917405,17,1,0.00852473574623519
674,674,1.29601667212686,-0.321014017553695,1.16248967365648,1.36498440354913,-0.271425697329192,1.24064933200415,2,1,0.0133244816732469
675,675,-0.430033827721788,1.50657797305221,0.122386180466836,-0.448908175527633,1.56864424568669,0.0562222159715849,8,1,0.00858613340156313
676,676,0.973427827404849,0.424707270348501,-0.1668426116978,0.997134292497475,0.424471438713619,-0.0712922462053158,12,1,0.00969192444949526
677,677,-0.32862178455822,1.07720143113638,0.689957437378315,-0.439940057495744,1.03680126121563,0.698624392269636,6,1,0.0140990477265061
678,678,0.756725384233831,-1.57904372246103,1.40201870182234,0.874096383516666,-1.40298250836731,1.58377020165257,2,0,0.0778071102713444
679,679,1.51772428935786,-0.315862534328237,-0.705660068492185,1.5545270318522,-0.372370217913199,-0.817671991301596,19,1,0.0170942310107044
680,680,0.660507202812735,-1.00494040378112,0.743911837412144,0.823469201151942,-1.08420891433722,0.752229589907873,3,1,0.0329092946750719
681,681,0.457611718457165,-0.276159965615122,-1.64541257790703,0.492781833690423,-0.285881087519861,-1.60939416580499,11,1,0.00262876322695925
682,682,-1.58743997126777,-0.0190869800192169,-0.575317802268824,-1.45142010989707,8.02425293486286e-05,-0.838725461486733,9,1,0.088252380042188
683,683,-0.329103206693494,0.121639053313411,-0.295946942758296,-0.373755349309457,0.11879970230823,-0.405876310258884,11,1,0.0140863415934061
684,684,-0.714390917688814,-0.0189697408392266,1.05395489119295,-0.518855904249827,-0.0671395540705676,0.940875701486233,21,0,0.0533411755320549
685,685,0.44149348624023,-0.365633348825242,0.236275725154465,0.46116621835119,-0.424913621530844,0.233218695275837,5,1,0.00391051255243901
686,686,-0.598335052467372,1.4184552900771,-0.213333332244969,-0.746888501185902,1.4719009064284,-0.277826248294826,10,1,0.0290838972539539
687,687,-1.69513495704374,-0.253310084303559,1.07804906763221,-1.54611846230615,-0.301133893781672,1.21992921039226,21,1,0.0446230073664888
688,688,-0.123678187171016,-0.010239096920113,-0.0468070112389912,-0.109897614805894,0.0801942443265421,-0.0270445260951485,5,1,0.00875864920280494
689,689,-1.10007539625073,-0.675281163466551,-0.381109769252625,-1.32154937198067,-0.60433055116982,-0.357129617579936,23,1,0.0546597589851508
690,690,-1.29954663529856,0.63199093352315,1.58798336438769,-1.38110339455812,0.704643253676881,1.5650350999692,18,1,0.0124564874444632
691,691,0.448914417479353,-0.224549171891024,-1.50326129468459,0.477287199974351,-0.219757273256154,-1.62513381938094,11,1,0.0156808893548976
692,692,1.59937450071293,0.445202825496649,1.32068234787452,1.49329856863966,0.422397255831527,1.3411310694998,8,1,0.0121903475890721
693,693,-1.51243505186022,1.30610641980774,-1.4109497085072,-1.28806241714205,1.14215614405596,-1.26174906440802,4,1,0.0994836043290677
694,694,0.439102806260243,-0.744905673570702,0.997193133590427,0.342748196575173,-0.642835398454898,0.898160252795334,2,1,0.0295100633483535
695,695,0.211676996491297,-1.07963072285572,1.68296500085805,0.140156349712138,-0.997391423885273,1.69796186708994,3,1,0.0121034112076375
696,696,1.07585424659083,1.68907742565902,0.25649569605703,1.11438304799075,1.65460514029615,0.287507962136545,17,1,0.00363456764283992
697,697,-1.17142299715707,0.628285178233615,-0.938689368163206,-1.35073494289227,0.722607728517245,-0.880568979327465,4,1,0.0444274969737675
698,698,-1.6766237369017,-0.295924133694269,0.0351184421502605,-1.79490657236091,-0.275035666062702,0.147958301286367,15,1,0.0271599910541227
